model,pathway,reaction,flux,flux_as_written,orientation,biomass_flux,experimental_flux
iYO844,EMP,GLCpts,7.63,7.63,1.0,0.575179774746418,7.63
iYO844,EMP,PGI,7.48527614097718,7.48527614097718,1.0,0.575179774746418,4.159
iYO844,EMP,PFK,7.062822318006454,7.062822318006454,1.0,0.575179774746418,6.005
iYO844,EMP,FBA,7.062822318006454,7.062822318006454,1.0,0.575179774746418,6.005
iYO844,EMP,TPI,6.714169045027066,6.714169045027066,1.0,0.575179774746418,6.005
iYO844,EMP,GAPD,13.581848203589393,13.581848203589393,1.0,0.575179774746418,11.577
iYO844,EMP,PGK,13.581848203589393,-13.581848203589393,-1.0,0.575179774746418,11.577
iYO844,EMP,PGM,13.021636332121213,-13.021636332121213,-1.0,0.575179774746418,11.577
iYO844,EMP,ENO,13.021636332121213,13.021636332121213,1.0,0.575179774746418,11.577
iYO844,EMP,PYK,4.939958583428572,4.939958583428572,1.0,0.575179774746418,3.944
iYO844,TCA,CS,5.361475624638302,5.361475624638302,1.0,0.575179774746418,
iYO844,TCA,ACONT,5.361475624638302,5.361475624638302,1.0,0.575179774746418,3.353
iYO844,TCA,ICDHyr,5.361475624638302,5.361475624638302,1.0,0.575179774746418,3.353
iYO844,TCA,AKGDH,4.799625065991858,4.799625065991858,1.0,0.575179774746418,2.638
iYO844,TCA,SUCOAS,4.516071215098044,-4.516071215098044,-1.0,0.575179774746418,2.638
iYO844,TCA,SUCD1,4.799625065991858,4.799625065991858,1.0,0.575179774746418,2.638
iYO844,TCA,FUM,5.120543745412723,5.120543745412723,1.0,0.575179774746418,2.638
iYO844,TCA,MDH,5.120543745412723,5.120543745412723,1.0,0.575179774746418,1.878
iYO844,TCA,PDH,9.42026953547899,9.42026953547899,1.0,0.575179774746418,7.405
iYO844,TCA,PC,1.4486052173729966,1.4486052173729966,1.0,0.575179774746418,3.504
iYO844,PPP,G6PDH2r,0.0,0.0,1.0,0.575179774746418,3.297
iYO844,PPP,PGL,0.0,0.0,1.0,0.575179774746418,3.297
iYO844,PPP,GND,0.0,0.0,1.0,0.575179774746418,3.297
iYO844,PPP,RPI,0.23438499130279133,-0.23438499130279133,-1.0,0.575179774746418,1.451
iYO844,PPP,RPE,-0.23438499130279133,-0.23438499130279133,1.0,0.575179774746418,1.846
iYO844,PPP,TKT1,-0.018913828259574217,-0.018913828259574217,1.0,0.575179774746418,1.055
iYO844,PPP,TALA,-0.018913828259574217,-0.018913828259574217,1.0,0.575179774746418,1.055
iYO844,PPP,TKT2,-0.21547116304321712,-0.21547116304321712,1.0,0.575179774746418,0.791
iBsu1147,EMP,GLCpts,0.0,0.0,1.0,0.552604257214426,7.63
iBsu1147,EMP,PGI,7.489121279933366,7.489121279933366,1.0,0.552604257214426,4.159
iBsu1147,EMP,PFK,7.1588436736640455,7.1588436736640455,1.0,0.552604257214426,6.005
iBsu1147,EMP,FBA,7.1588436736640455,7.1588436736640455,1.0,0.552604257214426,6.005
iBsu1147,EMP,TPI,6.81872077762647,-6.81872077762647,-1.0,0.552604257214426,6.005
iBsu1147,EMP,GAPD,13.898962215340013,13.898962215340013,1.0,0.552604257214426,11.577
iBsu1147,EMP,PGK,13.898962215340013,-13.898962215340013,-1.0,0.552604257214426,11.577
iBsu1147,EMP,PGM,13.047188649464834,-13.047188649464834,-1.0,0.552604257214426,11.577
iBsu1147,EMP,ENO,13.047188649464834,13.047188649464834,1.0,0.552604257214426,11.577
iBsu1147,EMP,PYK,12.991064724331068,12.991064724331068,1.0,0.552604257214426,3.944
iBsu1147,TCA,CS,4.626289218624299,4.626289218624299,1.0,0.552604257214426,
iBsu1147,TCA,ACONT,4.626289218624299,4.626289218624299,1.0,0.552604257214426,3.353
iBsu1147,TCA,ICDHyr,4.626289218624299,4.626289218624299,1.0,0.552604257214426,3.353
iBsu1147,TCA,AKGDH,4.086797469656879,4.086797469656879,1.0,0.552604257214426,2.638
iBsu1147,TCA,SUCOAS,8.271747707274262,-8.271747707274262,-1.0,0.552604257214426,2.638
iBsu1147,TCA,SUCD1,4.086797469656879,4.086797469656879,1.0,0.552604257214426,2.638
iBsu1147,TCA,FUM,4.3987541372038015,-4.3987541372038015,-1.0,0.552604257214426,2.638
iBsu1147,TCA,MDH,4.3987541372038015,4.3987541372038015,1.0,0.552604257214426,1.878
iBsu1147,TCA,PDH,10.568408502988477,10.568408502988477,1.0,0.552604257214426,7.405
iBsu1147,TCA,PC,1.08003852401459,1.08003852401459,1.0,0.552604257214426,3.504
iBsu1147,PPP,G6PDH2r,0.0,0.0,1.0,0.552604257214426,3.297
iBsu1147,PPP,PGL,0.0,0.0,1.0,0.552604257214426,3.297
iBsu1147,PPP,GND,0.0,0.0,1.0,0.552604257214426,3.297
iBsu1147,PPP,RPI,0.14729972581971834,-0.14729972581971834,-1.0,0.552604257214426,1.451
iBsu1147,PPP,RPE,-0.14729972581971834,-0.14729972581971834,1.0,0.552604257214426,1.846
iBsu1147,PPP,TKT1,-0.07364986290985964,0.07364986290985964,-1.0,0.552604257214426,1.055
iBsu1147,PPP,TALA,-0.07364986290985964,-0.07364986290985964,1.0,0.552604257214426,1.055
iBsu1147,PPP,TKT2,-0.07364986290985964,0.07364986290985964,-1.0,0.552604257214426,0.791
eciYO844,EMP,GLCpts,7.63,7.63,1.0,0.5662099997262331,7.63
eciYO844,EMP,PGI,4.872764187059364,4.872764187059364,1.0,0.5662099997262331,4.159
eciYO844,EMP,PFK,6.200077674573463,6.200077674573463,1.0,0.5662099997262331,6.005
eciYO844,EMP,FBA,6.200077674573463,6.200077674573463,1.0,0.5662099997262331,6.005
eciYO844,EMP,TPI,5.856861556299409,5.856861556299409,1.0,0.5662099997262331,6.005
eciYO844,EMP,GAPD,12.73642890485227,12.73642890485227,1.0,0.5662099997262331,11.577
eciYO844,EMP,PGK,12.73642890485227,12.73642890485227,1.0,0.5662099997262331,11.577
eciYO844,EMP,PGM,12.18495338794893,12.18495338794893,1.0,0.5662099997262331,11.577
eciYO844,EMP,ENO,12.18495338794893,12.18495338794893,1.0,0.5662099997262331,11.577
eciYO844,EMP,PYK,4.110319433153915,4.110319433153915,1.0,0.5662099997262331,3.944
eciYO844,TCA,CS,4.427640000000001,4.427640000000001,1.0,0.5662099997262331,
eciYO844,TCA,ACONT,4.427640000000001,4.427640000000001,1.0,0.5662099997262331,3.353
eciYO844,TCA,ICDHyr,4.427640000000001,4.427640000000001,1.0,0.5662099997262331,3.353
eciYO844,TCA,AKGDH,3.8745513508074243,3.8745513508074243,1.0,0.5662099997262331,2.638
eciYO844,TCA,SUCOAS,3.5954194465123868,-3.5954194465123868,-1.0,0.5662099997262331,2.638
eciYO844,TCA,SUCD1,3.8745513508074243,3.8745513508074243,1.0,0.5662099997262331,2.638
eciYO844,TCA,FUM,4.190465389104642,4.190465389104642,1.0,0.5662099997262331,2.638
eciYO844,TCA,MDH,4.190465389104642,4.190465389104642,1.0,0.5662099997262331,1.878
eciYO844,TCA,PDH,8.639748944973062,8.639748944973062,1.0,0.5662099997262331,7.405
eciYO844,TCA,PC,1.4260146057705123,1.4260146057705123,1.0,0.5662099997262331,3.504
eciYO844,PPP,G6PDH2r,2.614768883859521,2.614768883859521,1.0,0.5662099997262331,3.297
eciYO844,PPP,PGL,2.614768883859521,2.614768883859521,1.0,0.5662099997262331,3.297
eciYO844,PPP,GND,2.614768883859521,2.614768883859521,1.0,0.5662099997262331,3.297
eciYO844,PPP,RPI,1.1023194478949363,-1.1023194478949363,-1.0,0.5662099997262331,1.451
eciYO844,PPP,RPE,1.5124494359645846,1.5124494359645846,1.0,0.5662099997262331,1.846
eciYO844,PPP,TKT1,0.8529707557955148,0.8529707557955148,1.0,0.5662099997262331,1.055
eciYO844,PPP,TALA,0.8529707557955148,0.8529707557955148,1.0,0.5662099997262331,1.055
eciYO844,PPP,TKT2,0.6594786801690697,0.6594786801690697,1.0,0.5662099997262331,0.791
iBB1018,EMP,GLCpts,7.63,7.63,1.0,0.6254471624919032,7.63
iBB1018,EMP,PGI,7.3700359515513005,7.3700359515513005,1.0,0.6254471624919032,4.159
iBB1018,EMP,PFK,6.949418881020259,6.949418881020259,1.0,0.6254471624919032,6.005
iBB1018,EMP,FBA,6.949418881020259,6.949418881020259,1.0,0.6254471624919032,6.005
iBB1018,EMP,TPI,6.554145481407966,6.554145481407966,1.0,0.6254471624919032,6.005
iBB1018,EMP,GAPD,13.323268209969873,13.323268209969873,1.0,0.6254471624919032,11.577
iBB1018,EMP,PGK,13.323268209969873,-13.323268209969873,-1.0,0.6254471624919032,11.577
iBB1018,EMP,PGM,12.398854858558614,12.398854858558614,1.0,0.6254471624919032,11.577
iBB1018,EMP,ENO,12.398854858558614,12.398854858558614,1.0,0.6254471624919032,11.577
iBB1018,EMP,PYK,4.2782938076858406,4.2782938076858406,1.0,0.6254471624919032,3.944
iBB1018,TCA,CS,4.877448893398361,4.877448893398361,1.0,0.6254471624919032,
iBB1018,TCA,ACONT,4.877448893398361,4.877448893398361,1.0,0.6254471624919032,3.353
iBB1018,TCA,ICDHyr,4.877448893398361,4.877448893398361,1.0,0.6254471624919032,3.353
iBB1018,TCA,AKGDH,4.266744020884121,4.266744020884121,1.0,0.6254471624919032,2.638
iBB1018,TCA,SUCOAS,4.1958547136823965,-4.1958547136823965,-1.0,0.6254471624919032,2.638
iBB1018,TCA,SUCD1,4.278948183731677,4.278948183731677,1.0,0.6254471624919032,2.638
iBB1018,TCA,FUM,4.6202016811475435,4.6202016811475435,1.0,0.6254471624919032,2.638
iBB1018,TCA,MDH,4.6202016811475435,4.6202016811475435,1.0,0.6254471624919032,1.878
iBB1018,TCA,PDH,8.824296341015494,8.824296341015494,1.0,0.6254471624919032,7.405
iBB1018,TCA,PC,1.223710538152001,1.223710538152001,1.0,0.6254471624919032,3.504
iBB1018,PPP,G6PDH2r,0.07623324033854506,0.07623324033854506,1.0,0.6254471624919032,3.297
iBB1018,PPP,PGL,0.07623324033854506,0.07623324033854506,1.0,0.6254471624919032,3.297
iBB1018,PPP,GND,0.07623324033854506,0.07623324033854506,1.0,0.6254471624919032,3.297
iBB1018,PPP,RPI,0.28975086944079453,-0.28975086944079453,-1.0,0.6254471624919032,1.451
iBB1018,PPP,RPE,-0.21351950544373693,-0.21351950544373693,1.0,0.6254471624919032,1.846
iBB1018,PPP,TKT1,0.0,0.0,1.0,0.6254471624919032,1.055
iBB1018,PPP,TALA,0.0,0.0,1.0,0.6254471624919032,1.055
iBB1018,PPP,TKT2,-0.21351950544373693,-0.21351950544373693,1.0,0.6254471624919032,0.791
iBsu1147R,EMP,GLCpts,7.63,7.63,1.0,0.5545565412709136,7.63
iBsu1147R,EMP,PGI,7.488201045511731,7.488201045511731,1.0,0.5545565412709136,4.159
iBsu1147R,EMP,PFK,7.055144685218942,7.055144685218942,1.0,0.5545565412709136,6.005
iBsu1147R,EMP,FBA,7.055144685218942,7.055144685218942,1.0,0.5545565412709136,6.005
iBsu1147R,EMP,TPI,6.712816234649187,-6.712816234649187,-1.0,0.5545565412709136,6.005
iBsu1147R,EMP,GAPD,13.554496263766811,13.554496263766811,1.0,0.5545565412709136,11.577
iBsu1147R,EMP,PGK,13.554496263766811,-13.554496263766811,-1.0,0.5545565412709136,11.577
iBsu1147R,EMP,PGM,9.266344346752117,-9.266344346752117,-1.0,0.5545565412709136,11.577
iBsu1147R,EMP,ENO,9.266344346752117,9.266344346752117,1.0,0.5545565412709136,11.577
iBsu1147R,EMP,PYK,1.1395876441193629,1.1395876441193629,1.0,0.5545565412709136,3.944
iBsu1147R,TCA,CS,1.945052992042121,1.945052992042121,1.0,0.5545565412709136,
iBsu1147R,TCA,ACONT,1.945052992042121,1.945052992042121,1.0,0.5545565412709136,3.353
iBsu1147R,TCA,ICDHyr,1.945052992042121,1.945052992042121,1.0,0.5545565412709136,3.353
iBsu1147R,TCA,AKGDH,1.3243792422073586,1.3243792422073586,1.0,0.5545565412709136,2.638
iBsu1147R,TCA,SUCOAS,10.179300268502677,-10.179300268502677,-1.0,0.5545565412709136,2.638
iBsu1147R,TCA,SUCD1,1.3243792422073568,1.3243792422073568,1.0,0.5545565412709136,2.638
iBsu1147R,TCA,FUM,1.6685763995780944,-1.6685763995780944,-1.0,0.5545565412709136,2.638
iBsu1147R,TCA,MDH,1.6685763995780944,1.6685763995780944,1.0,0.5545565412709136,1.878
iBsu1147R,TCA,PDH,12.806852522659188,12.806852522659188,1.0,0.5545565412709136,7.405
iBsu1147R,TCA,PC,1.2328125749722865,1.2328125749722865,1.0,0.5545565412709136,3.504
iBsu1147R,PPP,G6PDH2r,0.0,0.0,1.0,0.5545565412709136,3.297
iBsu1147R,PPP,PGL,0.0,0.0,1.0,0.5545565412709136,3.297
iBsu1147R,PPP,GND,0.0,0.0,1.0,0.5545565412709136,3.297
iBsu1147R,PPP,RPI,0.24893794755475313,-0.24893794755475313,-1.0,0.5545565412709136,1.451
iBsu1147R,PPP,RPE,-0.24893794755475313,-0.24893794755475313,1.0,0.5545565412709136,1.846
iBsu1147R,PPP,TKT1,-0.01439798122374153,0.01439798122374153,-1.0,0.5545565412709136,1.055
iBsu1147R,PPP,TALA,-0.01439798122374153,-0.01439798122374153,1.0,0.5545565412709136,1.055
iBsu1147R,PPP,TKT2,-0.2345399663310116,0.2345399663310116,-1.0,0.5545565412709136,0.791
ecBSU1,EMP,GLCpts,7.63,7.63,1.0,0.5545565164493121,7.63
ecBSU1,EMP,PGI,7.488202730334772,7.488202730334772,1.0,0.5545565164493121,4.159
ecBSU1,EMP,PFK,7.0551463894252855,7.0551463894252855,1.0,0.5545565164493121,6.005
ecBSU1,EMP,FBA,7.0551463894252855,7.0551463894252855,1.0,0.5545565164493121,6.005
ecBSU1,EMP,TPI,6.71281963265415,-6.71281963265415,-1.0,0.5545565164493121,6.005
ecBSU1,EMP,GAPD,13.554501375532647,13.554501375532647,1.0,0.5545565164493121,11.577
ecBSU1,EMP,PGK,13.554501375532647,-13.554501375532647,-1.0,0.5545565164493121,11.577
ecBSU1,EMP,PGM,9.266365264586668,-9.266365264586668,-1.0,0.5545565164493121,11.577
ecBSU1,EMP,ENO,9.266365264586668,9.266365264586668,1.0,0.5545565164493121,11.577
ecBSU1,EMP,PYK,1.1396085468889599,1.1396085468889599,1.0,0.5545565164493121,3.944
ecBSU1,TCA,CS,1.9450658202760556,1.9450658202760556,1.0,0.5545565164493121,
ecBSU1,TCA,ACONT,1.9450658202760556,1.9450658202760556,1.0,0.5545565164493121,3.353
ecBSU1,TCA,ICDHyr,1.9450658202760556,1.9450658202760556,1.0,0.5545565164493121,3.353
ecBSU1,TCA,AKGDH,1.3243920609227886,1.3243920609227886,1.0,0.5545565164493121,2.638
ecBSU1,TCA,SUCOAS,10.179289581511046,-10.179289581511046,-1.0,0.5545565164493121,2.638
ecBSU1,TCA,SUCD1,1.32439206092279,1.32439206092279,1.0,0.5545565164493121,2.638
ecBSU1,TCA,FUM,1.6685892028875697,-1.6685892028875697,-1.0,0.5545565164493121,2.638
ecBSU1,TCA,MDH,1.6685892028875697,1.6685892028875697,1.0,0.5545565164493121,1.878
ecBSU1,TCA,PDH,12.80684179265892,12.80684179265892,1.0,0.5545565164493121,7.405
ecBSU1,TCA,PC,1.2328125943913084,1.2328125943913084,1.0,0.5545565164493121,3.504
ecBSU1,PPP,G6PDH2r,0.0,0.0,1.0,0.5545565164493121,3.297
ecBSU1,PPP,PGL,0.0,0.0,1.0,0.5545565164493121,3.297
ecBSU1,PPP,GND,0.0,0.0,1.0,0.5545565164493121,3.297
ecBSU1,PPP,RPI,0.2489379364124747,-0.2489379364124747,-1.0,0.5545565164493121,1.451
ecBSU1,PPP,RPE,-0.2489379364124747,-0.2489379364124747,1.0,0.5545565164493121,1.846
ecBSU1,PPP,TKT1,-0.014397980579310618,0.014397980579310618,-1.0,0.5545565164493121,1.055
ecBSU1,PPP,TALA,-0.014397980579310618,-0.014397980579310618,1.0,0.5545565164493121,1.055
ecBSU1,PPP,TKT2,-0.2345399558331641,0.2345399558331641,-1.0,0.5545565164493121,0.791
Submodel,EMP,GLCpts,7.291765898391117,7.291765898391117,1.0,0.6242116986510706,7.63
Submodel,EMP,PGI,7.073169458370309,7.073169458370309,1.0,0.6242116986510706,4.159
Submodel,EMP,PFK,6.6557553502121465,6.6557553502121465,1.0,0.6242116986510706,6.005
Submodel,EMP,FBA,6.6557553502121465,6.6557553502121465,1.0,0.6242116986510706,6.005
Submodel,EMP,TPI,6.27738069011102,6.27738069011102,1.0,0.6242116986510706,6.005
Submodel,EMP,GAPD,12.741883817973465,12.741883817973465,1.0,0.6242116986510706,11.577
Submodel,EMP,PGK,12.741883817973465,-12.741883817973465,-1.0,0.6242116986510706,11.577
Submodel,EMP,PGM,12.133959050963599,-12.133959050963599,-1.0,0.6242116986510706,11.577
Submodel,EMP,ENO,12.133959050963599,12.133959050963599,1.0,0.6242116986510706,11.577
Submodel,EMP,PYK,3.4359759041800366,3.4359759041800366,1.0,0.6242116986510706,3.944
Submodel,TCA,CS,5.943086099641954,5.943086099641954,1.0,0.6242116986510706,
Submodel,TCA,ACONT,5.943086099641954,5.943086099641954,1.0,0.6242116986510706,3.353
Submodel,TCA,ICDHyr,5.943086099641954,5.943086099641954,1.0,0.6242116986510706,3.353
Submodel,TCA,AKGDH,5.333339882895424,5.333339882895424,1.0,0.6242116986510706,2.638
Submodel,TCA,SUCOAS,5.025614127059323,-5.025614127059323,-1.0,0.6242116986510706,2.638
Submodel,TCA,SUCD1,5.333339882895424,5.333339882895424,1.0,0.6242116986510706,2.638
Submodel,TCA,FUM,5.681529537884878,5.681529537884878,1.0,0.6242116986510706,2.638
Submodel,TCA,MDH,5.681529537884878,5.681529537884878,1.0,0.6242116986510706,1.878
Submodel,TCA,PDH,8.225589208528337,8.225589208528337,1.0,0.6242116986510706,7.405
Submodel,TCA,PC,1.5720933925568856,1.5720933925568856,1.0,0.6242116986510706,3.504
Submodel,PPP,G6PDH2r,0.061535413464719,0.061535413464719,1.0,0.6242116986510706,3.297
Submodel,PPP,PGL,0.061535413464719,0.061535413464719,1.0,0.6242116986510706,3.297
Submodel,PPP,GND,0.061535413464719,0.061535413464719,1.0,0.6242116986510706,3.297
Submodel,PPP,RPI,0.27484852566814666,-0.27484852566814666,-1.0,0.6242116986510706,1.451
Submodel,PPP,RPE,-0.21331311220342766,-0.21331311220342766,1.0,0.6242116986510706,1.846
Submodel,PPP,TKT1,0.0,0.0,1.0,0.6242116986510706,1.055
Submodel,PPP,TALA,0.0,0.0,1.0,0.6242116986510706,1.055
Submodel,PPP,TKT2,-0.21331311220342766,-0.21331311220342766,1.0,0.6242116986510706,0.791
