substrate,model,outcome
EX_arab__L_e,iYO844,TP
EX_acgam_e,iYO844,TP
EX_succ_e,iYO844,TP
EX_gal_e,iYO844,TP
EX_asp__L_e,iYO844,TP
EX_pro__L_e,iYO844,TP
EX_ala__D_e,iYO844,TP
EX_tre_e,iYO844,TP
EX_man_e,iYO844,TP
EX_ser__D_e,iYO844,TP
EX_sbt__D_e,iYO844,TP
EX_glyc_e,iYO844,TP
EX_fuc_e,iYO844,untested
EX_glcur_e,iYO844,TP
EX_glcn__D_e,iYO844,TP
EX_glyc3p_e,iYO844,TP
EX_xyl__D_e,iYO844,TP
EX_lac__L_e,iYO844,TP
EX_for_e,iYO844,FN
EX_mnl_e,iYO844,TP
EX_glu__L_e,iYO844,TP
EX_g6p_e,iYO844,TP
EX_galctn__D_e,iYO844,untested
EX_mal__D_e,iYO844,TP
EX_rib__D_e,iYO844,TP
EX_rmn_e,iYO844,TP
EX_fru_e,iYO844,TP
EX_ac_e,iYO844,FN
EX_glc__D_e,iYO844,TP
EX_malt_e,iYO844,TP
EX_melib_e,iYO844,TP
EX_thymd_e,iYO844,TP
EX_asn__L_e,iYO844,TP
"EX_13ppd_e,EX_12ppd__R_e",iYO844,untested
EX_akg_e,iYO844,TP
EX_sucr_e,iYO844,TP
EX_uri_e,iYO844,TP
EX_gln__L_e,iYO844,TP
EX_tartr__D_e,iYO844,untested
EX_g1p_e,iYO844,TP
EX_f6p_e,iYO844,TP
EX_3ohglutac_e,iYO844,untested
EX_malttr_e,iYO844,TP
EX_dad_2_e,iYO844,TP
EX_adn_e,iYO844,TP
EX_gly_asp__L_e,iYO844,FN
EX_cit_e,iYO844,TP
EX_thr__D_e,iYO844,untested
EX_fum_e,iYO844,TP
EX_ppa_e,iYO844,TP
EX_glyclt_e,iYO844,TP
EX_glx_e,iYO844,TP
EX_cellb_e,iYO844,TP
EX_ins_e,iYO844,TP
EX_gly_glu__L_e,iYO844,FN
EX_tcb_e,iYO844,untested
EX_ser__L_e,iYO844,TP
EX_thr__L_e,iYO844,TP
EX_ala__L_e,iYO844,TP
EX_ala_gln_e,iYO844,untested
EX_acac_e,iYO844,FN
EX_acmana_e,iYO844,TP
EX_mal__L_e,iYO844,TP
EX_gly_pro__L_e,iYO844,FN
EX_tym_e,iYO844,untested
EX_pyr_e,iYO844,TP
EX_galur_e,iYO844,TP
EX_dextrin_e,iYO844,TP
EX_cspg_c_e,iYO844,untested
EX_glycogen_e,iYO844,TP
EX_all__D_e,iYO844,untested
EX_arab__D_e,iYO844,TP
EX_abt__D_e,iYO844,untested
EX_arbt_e,iYO844,TP
EX_drib_e,iYO844,TP
EX_pala_e,iYO844,TP
EX_raffin_e,iYO844,TP
EX_srb__L_e,iYO844,TP
EX_xylt_e,iYO844,untested
EX_caproic_e,iYO844,untested
EX_gam_e,iYO844,TP
EX_sebacid_e,iYO844,untested
EX_tartr__L_e,iYO844,untested
EX_acglu_e,iYO844,untested
EX_gly_e,iYO844,FP
EX_ile__L_e,iYO844,FP
EX_leu__L_e,iYO844,TN
EX_lys__L_e,iYO844,TN
EX_met__L_e,iYO844,TN
"EX_orn_e, EX_orn__L_e, EX_orn__D_e",iYO844,TP
EX_phe__L_e,iYO844,TN
EX_val__L_e,iYO844,FP
EX_crn_e,iYO844,TN
EX_ptrc_e,iYO844,untested
EX_dha_e,iYO844,TP
EX_btd_RR_e,iYO844,TN
EX_arab__L_e,iBsu1147,TP
EX_acgam_e,iBsu1147,TP
EX_succ_e,iBsu1147,TP
EX_gal_e,iBsu1147,TP
EX_asp__L_e,iBsu1147,TP
EX_pro__L_e,iBsu1147,FN
EX_ala__D_e,iBsu1147,TP
EX_tre_e,iBsu1147,TP
EX_man_e,iBsu1147,TP
EX_ser__D_e,iBsu1147,TP
EX_sbt__D_e,iBsu1147,TP
EX_glyc_e,iBsu1147,TP
EX_fuc_e,iBsu1147,untested
EX_glcur_e,iBsu1147,TP
EX_glcn__D_e,iBsu1147,TP
EX_glyc3p_e,iBsu1147,TP
EX_xyl__D_e,iBsu1147,TP
EX_lac__L_e,iBsu1147,TP
EX_for_e,iBsu1147,TP
EX_mnl_e,iBsu1147,TP
EX_glu__L_e,iBsu1147,FN
EX_g6p_e,iBsu1147,untested
EX_galctn__D_e,iBsu1147,untested
EX_mal__D_e,iBsu1147,TP
EX_rib__D_e,iBsu1147,TP
EX_rmn_e,iBsu1147,TP
EX_fru_e,iBsu1147,TP
EX_ac_e,iBsu1147,TP
EX_glc__D_e,iBsu1147,TP
EX_malt_e,iBsu1147,TP
EX_melib_e,iBsu1147,TP
EX_thymd_e,iBsu1147,TP
EX_asn__L_e,iBsu1147,TP
"EX_13ppd_e,EX_12ppd__R_e",iBsu1147,untested
EX_akg_e,iBsu1147,TP
EX_sucr_e,iBsu1147,TP
EX_uri_e,iBsu1147,TP
EX_gln__L_e,iBsu1147,TP
EX_tartr__D_e,iBsu1147,untested
EX_g1p_e,iBsu1147,TP
EX_f6p_e,iBsu1147,untested
EX_3ohglutac_e,iBsu1147,untested
EX_malttr_e,iBsu1147,TP
EX_dad_2_e,iBsu1147,TP
EX_adn_e,iBsu1147,TP
EX_gly_asp__L_e,iBsu1147,untested
EX_cit_e,iBsu1147,TP
EX_thr__D_e,iBsu1147,untested
EX_fum_e,iBsu1147,TP
EX_ppa_e,iBsu1147,untested
EX_glyclt_e,iBsu1147,TP
EX_glx_e,iBsu1147,TP
EX_cellb_e,iBsu1147,TP
EX_ins_e,iBsu1147,TP
EX_gly_glu__L_e,iBsu1147,FN
EX_tcb_e,iBsu1147,untested
EX_ser__L_e,iBsu1147,TP
EX_thr__L_e,iBsu1147,TP
EX_ala__L_e,iBsu1147,FN
EX_ala_gln_e,iBsu1147,untested
EX_acac_e,iBsu1147,TP
EX_acmana_e,iBsu1147,TP
EX_mal__L_e,iBsu1147,FN
EX_gly_pro__L_e,iBsu1147,FN
EX_tym_e,iBsu1147,untested
EX_pyr_e,iBsu1147,TP
EX_galur_e,iBsu1147,TP
EX_dextrin_e,iBsu1147,TP
EX_cspg_c_e,iBsu1147,untested
EX_glycogen_e,iBsu1147,FN
EX_all__D_e,iBsu1147,FN
EX_arab__D_e,iBsu1147,TP
EX_abt__D_e,iBsu1147,untested
EX_arbt_e,iBsu1147,TP
EX_drib_e,iBsu1147,TP
EX_pala_e,iBsu1147,TP
EX_raffin_e,iBsu1147,TP
EX_srb__L_e,iBsu1147,TP
EX_xylt_e,iBsu1147,untested
EX_caproic_e,iBsu1147,untested
EX_gam_e,iBsu1147,TP
EX_sebacid_e,iBsu1147,untested
EX_tartr__L_e,iBsu1147,FP
EX_acglu_e,iBsu1147,untested
EX_gly_e,iBsu1147,FP
EX_ile__L_e,iBsu1147,FP
EX_leu__L_e,iBsu1147,FP
EX_lys__L_e,iBsu1147,TN
EX_met__L_e,iBsu1147,FP
"EX_orn_e, EX_orn__L_e, EX_orn__D_e",iBsu1147,TP
EX_phe__L_e,iBsu1147,TN
EX_val__L_e,iBsu1147,FP
EX_crn_e,iBsu1147,TN
EX_ptrc_e,iBsu1147,TN
EX_dha_e,iBsu1147,TP
EX_btd_RR_e,iBsu1147,untested
EX_arab__L_e,eciYO844,TP
EX_acgam_e,eciYO844,TP
EX_succ_e,eciYO844,TP
EX_gal_e,eciYO844,TP
EX_asp__L_e,eciYO844,TP
EX_pro__L_e,eciYO844,TP
EX_ala__D_e,eciYO844,TP
EX_tre_e,eciYO844,TP
EX_man_e,eciYO844,TP
EX_ser__D_e,eciYO844,TP
EX_sbt__D_e,eciYO844,TP
EX_glyc_e,eciYO844,TP
EX_fuc_e,eciYO844,untested
EX_glcur_e,eciYO844,TP
EX_glcn__D_e,eciYO844,TP
EX_glyc3p_e,eciYO844,TP
EX_xyl__D_e,eciYO844,TP
EX_lac__L_e,eciYO844,TP
EX_for_e,eciYO844,TP
EX_mnl_e,eciYO844,TP
EX_glu__L_e,eciYO844,TP
EX_g6p_e,eciYO844,TP
EX_galctn__D_e,eciYO844,untested
EX_mal__D_e,eciYO844,TP
EX_rib__D_e,eciYO844,TP
EX_rmn_e,eciYO844,TP
EX_fru_e,eciYO844,TP
EX_ac_e,eciYO844,TP
EX_glc__D_e,eciYO844,TP
EX_malt_e,eciYO844,TP
EX_melib_e,eciYO844,TP
EX_thymd_e,eciYO844,FN
EX_asn__L_e,eciYO844,FN
"EX_13ppd_e,EX_12ppd__R_e",eciYO844,untested
EX_akg_e,eciYO844,FN
EX_sucr_e,eciYO844,TP
EX_uri_e,eciYO844,FN
EX_gln__L_e,eciYO844,FN
EX_tartr__D_e,eciYO844,untested
EX_g1p_e,eciYO844,TP
EX_f6p_e,eciYO844,FN
EX_3ohglutac_e,eciYO844,untested
EX_malttr_e,eciYO844,TP
EX_dad_2_e,eciYO844,FN
EX_adn_e,eciYO844,FN
EX_gly_asp__L_e,eciYO844,FN
EX_cit_e,eciYO844,FN
EX_thr__D_e,eciYO844,untested
EX_fum_e,eciYO844,FN
EX_ppa_e,eciYO844,FN
EX_glyclt_e,eciYO844,FN
EX_glx_e,eciYO844,FN
EX_cellb_e,eciYO844,untested
EX_ins_e,eciYO844,FN
EX_gly_glu__L_e,eciYO844,FN
EX_tcb_e,eciYO844,untested
EX_ser__L_e,eciYO844,FN
EX_thr__L_e,eciYO844,FN
EX_ala__L_e,eciYO844,FN
EX_ala_gln_e,eciYO844,untested
EX_acac_e,eciYO844,FN
EX_acmana_e,eciYO844,FN
EX_mal__L_e,eciYO844,FN
EX_gly_pro__L_e,eciYO844,FN
EX_tym_e,eciYO844,untested
EX_pyr_e,eciYO844,FN
EX_galur_e,eciYO844,FN
EX_dextrin_e,eciYO844,TP
EX_cspg_c_e,eciYO844,untested
EX_glycogen_e,eciYO844,TP
EX_all__D_e,eciYO844,untested
EX_arab__D_e,eciYO844,FN
EX_abt__D_e,eciYO844,untested
EX_arbt_e,eciYO844,TP
EX_drib_e,eciYO844,FN
EX_pala_e,eciYO844,TP
EX_raffin_e,eciYO844,TP
EX_srb__L_e,eciYO844,TP
EX_xylt_e,eciYO844,untested
EX_caproic_e,eciYO844,untested
EX_gam_e,eciYO844,FN
EX_sebacid_e,eciYO844,untested
EX_tartr__L_e,eciYO844,untested
EX_acglu_e,eciYO844,untested
EX_gly_e,eciYO844,TN
EX_ile__L_e,eciYO844,TN
EX_leu__L_e,eciYO844,TN
EX_lys__L_e,eciYO844,TN
EX_met__L_e,eciYO844,TN
"EX_orn_e, EX_orn__L_e, EX_orn__D_e",eciYO844,FN
EX_phe__L_e,eciYO844,TN
EX_val__L_e,eciYO844,TN
EX_crn_e,eciYO844,TN
EX_ptrc_e,eciYO844,untested
EX_dha_e,eciYO844,FN
EX_btd_RR_e,eciYO844,TN
EX_arab__L_e,iBB1018,TP
EX_acgam_e,iBB1018,TP
EX_succ_e,iBB1018,TP
EX_gal_e,iBB1018,TP
EX_asp__L_e,iBB1018,TP
EX_pro__L_e,iBB1018,TP
EX_ala__D_e,iBB1018,TP
EX_tre_e,iBB1018,TP
EX_man_e,iBB1018,TP
EX_ser__D_e,iBB1018,TP
EX_sbt__D_e,iBB1018,TP
EX_glyc_e,iBB1018,TP
EX_fuc_e,iBB1018,untested
EX_glcur_e,iBB1018,TP
EX_glcn__D_e,iBB1018,TP
EX_glyc3p_e,iBB1018,TP
EX_xyl__D_e,iBB1018,TP
EX_lac__L_e,iBB1018,TP
EX_for_e,iBB1018,FN
EX_mnl_e,iBB1018,TP
EX_glu__L_e,iBB1018,TP
EX_g6p_e,iBB1018,TP
EX_galctn__D_e,iBB1018,untested
EX_mal__D_e,iBB1018,TP
EX_rib__D_e,iBB1018,TP
EX_rmn_e,iBB1018,TP
EX_fru_e,iBB1018,TP
EX_ac_e,iBB1018,FN
EX_glc__D_e,iBB1018,TP
EX_malt_e,iBB1018,TP
EX_melib_e,iBB1018,TP
EX_thymd_e,iBB1018,TP
EX_asn__L_e,iBB1018,TP
"EX_13ppd_e,EX_12ppd__R_e",iBB1018,untested
EX_akg_e,iBB1018,TP
EX_sucr_e,iBB1018,TP
EX_uri_e,iBB1018,TP
EX_gln__L_e,iBB1018,TP
EX_tartr__D_e,iBB1018,untested
EX_g1p_e,iBB1018,TP
EX_f6p_e,iBB1018,TP
EX_3ohglutac_e,iBB1018,untested
EX_malttr_e,iBB1018,TP
EX_dad_2_e,iBB1018,TP
EX_adn_e,iBB1018,TP
EX_gly_asp__L_e,iBB1018,FN
EX_cit_e,iBB1018,TP
EX_thr__D_e,iBB1018,untested
EX_fum_e,iBB1018,TP
EX_ppa_e,iBB1018,TP
EX_glyclt_e,iBB1018,TP
EX_glx_e,iBB1018,TP
EX_cellb_e,iBB1018,TP
EX_ins_e,iBB1018,TP
EX_gly_glu__L_e,iBB1018,FN
EX_tcb_e,iBB1018,untested
EX_ser__L_e,iBB1018,TP
EX_thr__L_e,iBB1018,TP
EX_ala__L_e,iBB1018,TP
EX_ala_gln_e,iBB1018,untested
EX_acac_e,iBB1018,FN
EX_acmana_e,iBB1018,TP
EX_mal__L_e,iBB1018,TP
EX_gly_pro__L_e,iBB1018,FN
EX_tym_e,iBB1018,untested
EX_pyr_e,iBB1018,TP
EX_galur_e,iBB1018,TP
EX_dextrin_e,iBB1018,TP
EX_cspg_c_e,iBB1018,untested
EX_glycogen_e,iBB1018,TP
EX_all__D_e,iBB1018,untested
EX_arab__D_e,iBB1018,TP
EX_abt__D_e,iBB1018,untested
EX_arbt_e,iBB1018,TP
EX_drib_e,iBB1018,TP
EX_pala_e,iBB1018,TP
EX_raffin_e,iBB1018,TP
EX_srb__L_e,iBB1018,TP
EX_xylt_e,iBB1018,untested
EX_caproic_e,iBB1018,untested
EX_gam_e,iBB1018,TP
EX_sebacid_e,iBB1018,untested
EX_tartr__L_e,iBB1018,untested
EX_acglu_e,iBB1018,untested
EX_gly_e,iBB1018,FP
EX_ile__L_e,iBB1018,FP
EX_leu__L_e,iBB1018,TN
EX_lys__L_e,iBB1018,TN
EX_met__L_e,iBB1018,TN
"EX_orn_e, EX_orn__L_e, EX_orn__D_e",iBB1018,TP
EX_phe__L_e,iBB1018,TN
EX_val__L_e,iBB1018,FP
EX_crn_e,iBB1018,TN
EX_ptrc_e,iBB1018,untested
EX_dha_e,iBB1018,TP
EX_btd_RR_e,iBB1018,TN
EX_arab__L_e,iBsu1147R,TP
EX_acgam_e,iBsu1147R,TP
EX_succ_e,iBsu1147R,TP
EX_gal_e,iBsu1147R,TP
EX_asp__L_e,iBsu1147R,TP
EX_pro__L_e,iBsu1147R,FN
EX_ala__D_e,iBsu1147R,TP
EX_tre_e,iBsu1147R,TP
EX_man_e,iBsu1147R,TP
EX_ser__D_e,iBsu1147R,TP
EX_sbt__D_e,iBsu1147R,TP
EX_glyc_e,iBsu1147R,TP
EX_fuc_e,iBsu1147R,untested
EX_glcur_e,iBsu1147R,TP
EX_glcn__D_e,iBsu1147R,TP
EX_glyc3p_e,iBsu1147R,TP
EX_xyl__D_e,iBsu1147R,TP
EX_lac__L_e,iBsu1147R,TP
EX_for_e,iBsu1147R,TP
EX_mnl_e,iBsu1147R,TP
EX_glu__L_e,iBsu1147R,TP
EX_g6p_e,iBsu1147R,untested
EX_galctn__D_e,iBsu1147R,untested
EX_mal__D_e,iBsu1147R,TP
EX_rib__D_e,iBsu1147R,TP
EX_rmn_e,iBsu1147R,TP
EX_fru_e,iBsu1147R,TP
EX_ac_e,iBsu1147R,TP
EX_glc__D_e,iBsu1147R,TP
EX_malt_e,iBsu1147R,TP
EX_melib_e,iBsu1147R,TP
EX_thymd_e,iBsu1147R,TP
EX_asn__L_e,iBsu1147R,TP
"EX_13ppd_e,EX_12ppd__R_e",iBsu1147R,untested
EX_akg_e,iBsu1147R,TP
EX_sucr_e,iBsu1147R,TP
EX_uri_e,iBsu1147R,TP
EX_gln__L_e,iBsu1147R,TP
EX_tartr__D_e,iBsu1147R,untested
EX_g1p_e,iBsu1147R,TP
EX_f6p_e,iBsu1147R,untested
EX_3ohglutac_e,iBsu1147R,untested
EX_malttr_e,iBsu1147R,FN
EX_dad_2_e,iBsu1147R,FN
EX_adn_e,iBsu1147R,FN
EX_gly_asp__L_e,iBsu1147R,untested
EX_cit_e,iBsu1147R,FN
EX_thr__D_e,iBsu1147R,untested
EX_fum_e,iBsu1147R,FN
EX_ppa_e,iBsu1147R,untested
EX_glyclt_e,iBsu1147R,FN
EX_glx_e,iBsu1147R,FN
EX_cellb_e,iBsu1147R,FN
EX_ins_e,iBsu1147R,FN
EX_gly_glu__L_e,iBsu1147R,FN
EX_tcb_e,iBsu1147R,untested
EX_ser__L_e,iBsu1147R,TP
EX_thr__L_e,iBsu1147R,TP
EX_ala__L_e,iBsu1147R,FN
EX_ala_gln_e,iBsu1147R,untested
EX_acac_e,iBsu1147R,TP
EX_acmana_e,iBsu1147R,TP
EX_mal__L_e,iBsu1147R,TP
EX_gly_pro__L_e,iBsu1147R,FN
EX_tym_e,iBsu1147R,untested
EX_pyr_e,iBsu1147R,TP
EX_galur_e,iBsu1147R,TP
EX_dextrin_e,iBsu1147R,FN
EX_cspg_c_e,iBsu1147R,untested
EX_glycogen_e,iBsu1147R,FN
EX_all__D_e,iBsu1147R,FN
EX_arab__D_e,iBsu1147R,TP
EX_abt__D_e,iBsu1147R,untested
EX_arbt_e,iBsu1147R,TP
EX_drib_e,iBsu1147R,TP
EX_pala_e,iBsu1147R,TP
EX_raffin_e,iBsu1147R,FN
EX_srb__L_e,iBsu1147R,FN
EX_xylt_e,iBsu1147R,untested
EX_caproic_e,iBsu1147R,untested
EX_gam_e,iBsu1147R,FN
EX_sebacid_e,iBsu1147R,untested
EX_tartr__L_e,iBsu1147R,TN
EX_acglu_e,iBsu1147R,untested
EX_gly_e,iBsu1147R,TN
EX_ile__L_e,iBsu1147R,TN
EX_leu__L_e,iBsu1147R,TN
EX_lys__L_e,iBsu1147R,TN
EX_met__L_e,iBsu1147R,FP
"EX_orn_e, EX_orn__L_e, EX_orn__D_e",iBsu1147R,TP
EX_phe__L_e,iBsu1147R,TN
EX_val__L_e,iBsu1147R,FP
EX_crn_e,iBsu1147R,TN
EX_ptrc_e,iBsu1147R,TN
EX_dha_e,iBsu1147R,TP
EX_btd_RR_e,iBsu1147R,untested
EX_arab__L_e,ecBSU1,TP
EX_acgam_e,ecBSU1,TP
EX_succ_e,ecBSU1,TP
EX_gal_e,ecBSU1,TP
EX_asp__L_e,ecBSU1,TP
EX_pro__L_e,ecBSU1,FN
EX_ala__D_e,ecBSU1,TP
EX_tre_e,ecBSU1,TP
EX_man_e,ecBSU1,TP
EX_ser__D_e,ecBSU1,TP
EX_sbt__D_e,ecBSU1,TP
EX_glyc_e,ecBSU1,TP
EX_fuc_e,ecBSU1,untested
EX_glcur_e,ecBSU1,TP
EX_glcn__D_e,ecBSU1,TP
EX_glyc3p_e,ecBSU1,TP
EX_xyl__D_e,ecBSU1,TP
EX_lac__L_e,ecBSU1,TP
EX_for_e,ecBSU1,TP
EX_mnl_e,ecBSU1,TP
EX_glu__L_e,ecBSU1,TP
EX_g6p_e,ecBSU1,untested
EX_galctn__D_e,ecBSU1,untested
EX_mal__D_e,ecBSU1,TP
EX_rib__D_e,ecBSU1,TP
EX_rmn_e,ecBSU1,TP
EX_fru_e,ecBSU1,TP
EX_ac_e,ecBSU1,TP
EX_glc__D_e,ecBSU1,TP
EX_malt_e,ecBSU1,TP
EX_melib_e,ecBSU1,TP
EX_thymd_e,ecBSU1,TP
EX_asn__L_e,ecBSU1,TP
"EX_13ppd_e,EX_12ppd__R_e",ecBSU1,untested
EX_akg_e,ecBSU1,TP
EX_sucr_e,ecBSU1,TP
EX_uri_e,ecBSU1,TP
EX_gln__L_e,ecBSU1,TP
EX_tartr__D_e,ecBSU1,untested
EX_g1p_e,ecBSU1,TP
EX_f6p_e,ecBSU1,untested
EX_3ohglutac_e,ecBSU1,untested
EX_malttr_e,ecBSU1,FN
EX_dad_2_e,ecBSU1,FN
EX_adn_e,ecBSU1,FN
EX_gly_asp__L_e,ecBSU1,untested
EX_cit_e,ecBSU1,FN
EX_thr__D_e,ecBSU1,untested
EX_fum_e,ecBSU1,FN
EX_ppa_e,ecBSU1,untested
EX_glyclt_e,ecBSU1,FN
EX_glx_e,ecBSU1,FN
EX_cellb_e,ecBSU1,FN
EX_ins_e,ecBSU1,FN
EX_gly_glu__L_e,ecBSU1,FN
EX_tcb_e,ecBSU1,untested
EX_ser__L_e,ecBSU1,TP
EX_thr__L_e,ecBSU1,TP
EX_ala__L_e,ecBSU1,FN
EX_ala_gln_e,ecBSU1,untested
EX_acac_e,ecBSU1,TP
EX_acmana_e,ecBSU1,TP
EX_mal__L_e,ecBSU1,TP
EX_gly_pro__L_e,ecBSU1,FN
EX_tym_e,ecBSU1,untested
EX_pyr_e,ecBSU1,TP
EX_galur_e,ecBSU1,TP
EX_dextrin_e,ecBSU1,FN
EX_cspg_c_e,ecBSU1,untested
EX_glycogen_e,ecBSU1,FN
EX_all__D_e,ecBSU1,FN
EX_arab__D_e,ecBSU1,TP
EX_abt__D_e,ecBSU1,untested
EX_arbt_e,ecBSU1,TP
EX_drib_e,ecBSU1,TP
EX_pala_e,ecBSU1,TP
EX_raffin_e,ecBSU1,FN
EX_srb__L_e,ecBSU1,FN
EX_xylt_e,ecBSU1,untested
EX_caproic_e,ecBSU1,untested
EX_gam_e,ecBSU1,FN
EX_sebacid_e,ecBSU1,untested
EX_tartr__L_e,ecBSU1,TN
EX_acglu_e,ecBSU1,untested
EX_gly_e,ecBSU1,TN
EX_ile__L_e,ecBSU1,TN
EX_leu__L_e,ecBSU1,TN
EX_lys__L_e,ecBSU1,TN
EX_met__L_e,ecBSU1,FP
"EX_orn_e, EX_orn__L_e, EX_orn__D_e",ecBSU1,TP
EX_phe__L_e,ecBSU1,TN
EX_val__L_e,ecBSU1,FP
EX_crn_e,ecBSU1,TN
EX_ptrc_e,ecBSU1,TN
EX_dha_e,ecBSU1,TP
EX_btd_RR_e,ecBSU1,untested
EX_arab__L_e,Submodel,TP
EX_acgam_e,Submodel,TP
EX_succ_e,Submodel,TP
EX_gal_e,Submodel,untested
EX_asp__L_e,Submodel,TP
EX_pro__L_e,Submodel,TP
EX_ala__D_e,Submodel,TP
EX_tre_e,Submodel,TP
EX_man_e,Submodel,TP
EX_ser__D_e,Submodel,untested
EX_sbt__D_e,Submodel,TP
EX_glyc_e,Submodel,TP
EX_fuc_e,Submodel,untested
EX_glcur_e,Submodel,TP
EX_glcn__D_e,Submodel,TP
EX_glyc3p_e,Submodel,TP
EX_xyl__D_e,Submodel,TP
EX_lac__L_e,Submodel,TP
EX_for_e,Submodel,FN
EX_mnl_e,Submodel,TP
EX_glu__L_e,Submodel,TP
EX_g6p_e,Submodel,FN
EX_galctn__D_e,Submodel,untested
EX_mal__D_e,Submodel,untested
EX_rib__D_e,Submodel,TP
EX_rmn_e,Submodel,TP
EX_fru_e,Submodel,TP
EX_ac_e,Submodel,FN
EX_glc__D_e,Submodel,TP
EX_malt_e,Submodel,TP
EX_melib_e,Submodel,TP
EX_thymd_e,Submodel,TP
EX_asn__L_e,Submodel,TP
"EX_13ppd_e,EX_12ppd__R_e",Submodel,untested
EX_akg_e,Submodel,untested
EX_sucr_e,Submodel,TP
EX_uri_e,Submodel,TP
EX_gln__L_e,Submodel,TP
EX_tartr__D_e,Submodel,untested
EX_g1p_e,Submodel,untested
EX_f6p_e,Submodel,untested
EX_3ohglutac_e,Submodel,untested
EX_malttr_e,Submodel,TP
EX_dad_2_e,Submodel,untested
EX_adn_e,Submodel,TP
EX_gly_asp__L_e,Submodel,TP
EX_cit_e,Submodel,TP
EX_thr__D_e,Submodel,untested
EX_fum_e,Submodel,TP
EX_ppa_e,Submodel,FN
EX_glyclt_e,Submodel,TP
EX_glx_e,Submodel,untested
EX_cellb_e,Submodel,TP
EX_ins_e,Submodel,TP
EX_gly_glu__L_e,Submodel,TP
EX_tcb_e,Submodel,untested
EX_ser__L_e,Submodel,TP
EX_thr__L_e,Submodel,TP
EX_ala__L_e,Submodel,TP
EX_ala_gln_e,Submodel,TP
EX_acac_e,Submodel,FN
EX_acmana_e,Submodel,untested
EX_mal__L_e,Submodel,TP
EX_gly_pro__L_e,Submodel,TP
EX_tym_e,Submodel,untested
EX_pyr_e,Submodel,TP
EX_galur_e,Submodel,TP
EX_dextrin_e,Submodel,TP
EX_cspg_c_e,Submodel,untested
EX_glycogen_e,Submodel,TP
EX_all__D_e,Submodel,untested
EX_arab__D_e,Submodel,FN
EX_abt__D_e,Submodel,untested
EX_arbt_e,Submodel,TP
EX_drib_e,Submodel,TP
EX_pala_e,Submodel,TP
EX_raffin_e,Submodel,FN
EX_srb__L_e,Submodel,TP
EX_xylt_e,Submodel,untested
EX_caproic_e,Submodel,untested
EX_gam_e,Submodel,TP
EX_sebacid_e,Submodel,untested
EX_tartr__L_e,Submodel,TN
EX_acglu_e,Submodel,TN
EX_gly_e,Submodel,TN
EX_ile__L_e,Submodel,FP
EX_leu__L_e,Submodel,TN
EX_lys__L_e,Submodel,TN
EX_met__L_e,Submodel,TN
"EX_orn_e, EX_orn__L_e, EX_orn__D_e",Submodel,TP
EX_phe__L_e,Submodel,TN
EX_val__L_e,Submodel,FP
EX_crn_e,Submodel,TN
EX_ptrc_e,Submodel,untested
EX_dha_e,Submodel,TP
EX_btd_RR_e,Submodel,untested
