outlinks.subtilist,genomic_annotation.locus_tag
BG10065,BSU00010
BG10066,BSU00020
BG10067,BSU00030
BG10068,BSU00040
BG10069,BSU00050
BG10070,BSU00060
BG10071,BSU00070
BG10072,BSU00080
BG10073,BSU00090
BG10074,BSU00100
BG10075,BSU00110
BG10076,BSU00120
BG10077,BSU00130
BG10078,BSU00140
BG10079,BSU00150
BG10080,BSU00160
BG10081,BSU00170
BG10082,BSU00180
BG10083,BSU00190
BG10084,BSU00200
BG10085,BSU00210
BG10086,BSU00220
BG10087,BSU00230
BG10088,BSU00240
BG10089,BSU00250
BG10090,BSU00260
BG10091,BSU00270
BG10092,BSU00280
BG10093,BSU00290
BG10094,BSU00300
BG10095,BSU00310
BG10096,BSU00320
BG10097,BSU00330
BG10098,BSU00340
BG12700,BSU00350
BG10099,BSU00360
BG10100,BSU00370
BG10101,BSU00380
BG10102,BSU00390
BG10103,BSU00400
BG10104,BSU00410
BG10105,BSU00420
BG10106,BSU00430
BG10107,BSU00440
BG10108,BSU00450
BG10109,BSU00460
BG10110,BSU00470
BG10111,BSU00480
BG10112,BSU00490
BG10113,BSU00500
BG10114,BSU00510
BG10115,BSU00520
BG10116,BSU00530
BG10117,BSU00540
BG10118,BSU00550
BG10119,BSU00560
BG10120,BSU00570
BG10121,BSU00580
BG10122,BSU00590
BG10123,BSU00600
BG10124,BSU00610
BG10125,BSU00620
BG10126,BSU00630
BG10127,BSU00640
BG10128,BSU00650
BG10129,BSU00660
BG10130,BSU00670
BG10131,BSU00680
BG10132,BSU00690
BG10133,BSU00700
BG10134,BSU00710
BG10135,BSU00720
BG10136,BSU00730
BG10137,BSU00740
BG10138,BSU00750
BG10139,BSU00760
BG10140,BSU00770
BG10141,BSU00780
BG10142,BSU00790
BG12701,BSU00800
BG10143,BSU00810
BG10144,BSU00820
BG10145,BSU00830
BG10146,BSU00840
BG10147,BSU00850
BG10148,BSU00860
BG10149,BSU00870
BG10150,BSU00880
BG10151,BSU00890
BG10152,BSU00900
BG10153,BSU00910
BG10154,BSU00920
BG10155,BSU00930
BG10156,BSU00940
BG12702,BSU00950
BG10157,BSU00960
BG10158,BSU00970
BG10159,BSU00980
BG10160,BSU00990
BG10161,BSU01000
BG10162,BSU01010
BG10163,BSU01020
BG10164,BSU01030
BG11220,BSU01040
BG10726,BSU01050
BG10727,BSU01060
BG10728,BSU01070
BG10729,BSU01080
BG11365,BSU01090
BG19009,BSU01100
BG19006,BSU01110
BG11939,BSU01120
BG11056,BSU01130
BG11988,BSU01140
BG19008,BSU01150
BG11218,BSU01160
BG11219,BSU01170
BG11221,BSU01180
BG11217,BSU01190
BG19011,BSU01200
BG11078,BSU01210
BG19005,BSU01220
BG10755,BSU01230
BG10756,BSU01240
BG10757,BSU01250
BG10758,BSU01260
BG10759,BSU01270
BG10760,BSU01280
BG10761,BSU01290
BG10762,BSU01300
BG11408,BSU01310
BG11409,BSU01320
BG10442,BSU01330
BG10443,BSU01340
BG10444,BSU01350
BG10445,BSU01360
BG10446,BSU01370
BG10447,BSU01380
,BSU01389
BG11043,BSU01390
BG11042,BSU01400
BG10730,BSU01410
BG10731,BSU01420
BG10732,BSU01430
BG11041,BSU01440
BG11067,BSU01450
BG11989,BSU01460
BG11990,BSU01470
BG11992,BSU01480
BG11970,BSU01490
BG19007,BSU01500
BG11994,BSU01510
BG11503,BSU01520
BG11514,BSU01530
BG11494,BSU01540
BG10644,BSU01550
BG10643,BSU01560
BG11416,BSU01570
BG11562,BSU01580
BG11563,BSU01590
BG11565,BSU01600
BG10837,BSU01610
BG10836,BSU01620
BG10835,BSU01630
BG10834,BSU01640
BG10833,BSU01650
BG10832,BSU01660
BG11566,BSU01670
BG11567,BSU01680
BG11569,BSU01690
BG11570,BSU01700
BG11571,BSU01710
BG11572,BSU01720
BG11573,BSU01730
BG11574,BSU01740
BG11577,BSU01750
BG12703,BSU01760
BG12704,BSU01770
BG10948,BSU01780
BG10165,BSU01800
BG10166,BSU01810
BG10167,BSU01820
BG10949,BSU01830
BG12706,BSU01845
BG12708,BSU01860
BG12709,BSU01870
BG12710,BSU01880
BG12711,BSU01890
BG12712,BSU01900
BG12713,BSU01910
BG12714,BSU01920
BG12716,BSU01935
BG12718,BSU01950
BG12719,BSU01960
BG12720,BSU01970
BG12721,BSU01980
BG12722,BSU01990
BG12723,BSU02000
BG12724,BSU02010
BG12726,BSU02030
BG12727,BSU02040
BG12728,BSU02050
BG11505,BSU02060
BG11504,BSU02070
BG11506,BSU02080
BG11507,BSU02090
BG12729,BSU02100
BG12754,BSU02110
BG12730,BSU02120
BG10646,BSU02130
BG10645,BSU02140
BG12731,BSU02150
BG12732,BSU02160
BG12733,BSU02170
BG12734,BSU02180
BG12735,BSU02190
BG12736,BSU02200
BG12737,BSU02210
BG12738,BSU02220
BG10924,BSU02230
BG10690,BSU02240
BG12739,BSU02250
BG12740,BSU02260
BG11012,BSU02270
BG12741,BSU02280
BG11013,BSU02290
BG12742,BSU02300
BG12743,BSU02310
BG12744,BSU02320
BG12745,BSU02330
BG11015,BSU02340
BG11014,BSU02350
BG12746,BSU02360
BG12747,BSU02370
BG12748,BSU02380
BG12749,BSU02390
BG12750,BSU02400
BG12751,BSU02410
BG12752,BSU02420
BG12753,BSU02430
BG10871,BSU02440
BG10872,BSU02450
BG11158,BSU02460
BG11159,BSU02470
BG11160,BSU02480
BG11161,BSU02490
BG11162,BSU02500
BG11163,BSU02510
BG11165,BSU02520
BG12776,BSU02530
BG11166,BSU02540
BG11167,BSU02550
BG11168,BSU02560
BG11169,BSU02570
BG11170,BSU02580
BG11171,BSU02590
BG11172,BSU02600
BG11173,BSU02610
BG11174,BSU02620
BG12777,BSU02630
BG11175,BSU02640
BG10873,BSU02650
BG11176,BSU02660
BG12613,BSU02670
BG12612,BSU02680
BG12755,BSU02690
BG10679,BSU02700
BG12778,BSU02710
BG12756,BSU02720
BG11997,BSU02730
BG11998,BSU02740
BG11338,BSU02750
BG11339,BSU02760
BG11340,BSU02770
BG12757,BSU02780
BG12758,BSU02790
BG12759,BSU02800
BG12760,BSU02810
BG12663,BSU02820
BG12761,BSU02830
BG12762,BSU02840
BG12763,BSU02850
BG12764,BSU02860
BG12765,BSU02870
BG12766,BSU02880
BG12767,BSU02890
BG12768,BSU02900
BG12769,BSU02910
BG12770,BSU02920
BG12771,BSU02930
BG12772,BSU02940
BG12773,BSU02950
BG12774,BSU02960
BG12775,BSU02970
BG11370,BSU02980
BG11371,BSU02990
BG11372,BSU03000
BG11789,BSU03010
BG11999,BSU03020
BG12000,BSU03030
BG10473,BSU03040
BG19003,BSU03050
BG12001,BSU03060
BG12002,BSU03070
BG12003,BSU03080
BG12004,BSU03090
BG12005,BSU03100
BG12006,BSU03110
BG12007,BSU03120
BG10694,BSU03130
BG10456,BSU03140
BG10457,BSU03150
BG12008,BSU03160
BG12009,BSU03170
BG11919,BSU03180
BG12010,BSU03190
BG12011,BSU03200
BG12012,BSU03210
BG12013,BSU03220
BG12014,BSU03230
BG12015,BSU03240
BG12016,BSU03250
BG12017,BSU03260
BG12018,BSU03270
BG11098,BSU03280
BG11097,BSU03290
BG11096,BSU03300
BG11095,BSU03310
BG11094,BSU03320
BG11093,BSU03330
BG12019,BSU03340
BG12020,BSU03350
BG12021,BSU03360
BG11177,BSU03370
BG11178,BSU03380
BG11179,BSU03390
BG11180,BSU03400
BG11181,BSU03410
BG10839,BSU03420
BG10838,BSU03430
BG10790,BSU03440
BG11182,BSU03450
BG11183,BSU03460
BG11184,BSU03470
BG10168,BSU03480
BG10169,BSU03490
BG11045,BSU03500
BG10170,BSU03510
BG10171,BSU03520
BG10172,BSU03530
BG10173,BSU03540
BG10174,BSU03550
BG10175,BSU03560
BG10176,BSU03569
BG10176,BSU03570
BG12779,BSU03580
BG11185,BSU03590
BG11186,BSU03600
BG11187,BSU03610
BG12022,BSU03620
BG12023,BSU03630
BG12024,BSU03640
BG12025,BSU03651
BG12025,BSU03652
BG12026,BSU03660
BG12027,BSU03670
BG12028,BSU03680
BG12780,BSU03690
BG11392,BSU03700
BG11394,BSU03710
BG11393,BSU03720
BG12029,BSU03730
BG12030,BSU03740
BG12031,BSU03750
BG12032,BSU03760
BG11966,BSU03770
BG11959,BSU03780
BG12033,BSU03790
BG12034,BSU03800
BG12035,BSU03810
BG12036,BSU03820
BG12037,BSU03830
BG12038,BSU03840
BG12039,BSU03850
BG12040,BSU03860
BG12041,BSU03870
BG12781,BSU03880
BG12042,BSU03890
BG12043,BSU03900
BG12044,BSU03910
BG11066,BSU03920
BG10545,BSU03930
BG12045,BSU03940
BG12046,BSU03950
BG12047,BSU03960
BG12048,BSU03970
BG11215,BSU03981
BG11216,BSU03990
BG11222,BSU04000
BG11223,BSU04010
BG12782,BSU04020
BG11225,BSU04030
BG11226,BSU04040
BG11227,BSU04050
BG11228,BSU04060
BG11230,BSU04070
BG11231,BSU04080
BG14193,BSU04090
BG11214,BSU04100
BG11232,BSU04110
BG12783,BSU04120
BG12784,BSU04130
BG11234,BSU04140
BG11235,BSU04150
BG12049,BSU04160
BG12050,BSU04170
BG12051,BSU04180
BG12052,BSU04190
BG12053,BSU04200
BG12054,BSU04210
BG19017,BSU04220
BG12055,BSU04230
BG12807,BSU04240
BG12056,BSU04250
BG11979,BSU04260
BG12057,BSU04270
BG12058,BSU04280
BG12059,BSU04290
BG12060,BSU04300
BG12061,BSU04310
BG12062,BSU04320
BG11956,BSU04330
BG12063,BSU04340
,BSU04345
,BSU04359
BG12065,BSU04360
BG12066,BSU04370
BG12067,BSU04380
BG12068,BSU04390
BG10826,BSU04400
BG12069,BSU04410
BG12070,BSU04420
BG12071,BSU04430
BG12072,BSU04440
BG12073,BSU04450
BG12074,BSU04460
BG12075,BSU04470
BG12076,BSU04480
BG12077,BSU04490
BG12078,BSU04500
BG12079,BSU04510
BG12080,BSU04520
BG12081,BSU04530
BG12082,BSU04540
BG12083,BSU04550
BG11932,BSU04560
BG12084,BSU04570
BG12085,BSU04580
BG12086,BSU04590
BG12087,BSU04600
BG12088,BSU04610
BG12089,BSU04620
BG12090,BSU04630
BG10950,BSU04640
BG12091,BSU04650
BG12092,BSU04660
BG11090,BSU04670
BG11091,BSU04680
BG11092,BSU04690
BG11057,BSU04700
BG10733,BSU04710
BG10734,BSU04720
BG10735,BSU04730
BG10736,BSU04740
BG12093,BSU04750
BG12094,BSU04760
BG12095,BSU04770
BG12096,BSU04780
BG12098,BSU04790
BG12099,BSU04800
BG12100,BSU04810
BG12101,BSU04820
BG12670,BSU04830
BG12102,BSU04840
BG12103,BSU04850
BG12104,BSU04860
BG12105,BSU04870
BG12106,BSU04880
BG12107,BSU04890
BG12108,BSU04900
BG12109,BSU04910
BG12110,BSU04920
BG12111,BSU04930
BG12112,BSU04940
BG12113,BSU04950
BG12114,BSU04960
BG12115,BSU04970
BG12116,BSU04980
BG12117,BSU04990
BG12118,BSU05000
BG12119,BSU05010
BG12645,BSU05020
BG12120,BSU05030
BG12121,BSU05040
BG12122,BSU05050
BG12123,BSU05060
BG12124,BSU05070
BG12125,BSU05080
BG12126,BSU05090
BG12128,BSU05110
BG11024,BSU05120
BG12129,BSU05130
BG12808,BSU05140
BG12130,BSU05150
BG12131,BSU05160
BG12132,BSU05170
BG12133,BSU05180
BG12134,BSU05190
BG12135,BSU05200
BG12136,BSU05210
BG12137,BSU05220
BG12138,BSU05230
BG12139,BSU05240
BG12140,BSU05250
BG12141,BSU05260
BG12809,BSU05270
BG12142,BSU05280
BG12143,BSU05290
BG12144,BSU05300
BG12145,BSU05310
BG12146,BSU05320
BG12147,BSU05330
BG12148,BSU05340
BG12149,BSU05350
BG12150,BSU05360
BG12151,BSU05370
BG12152,BSU05380
BG12153,BSU05390
BG12154,BSU05400
BG12155,BSU05410
BG12156,BSU05420
BG12157,BSU05430
BG11957,BSU05440
BG12158,BSU05450
BG12159,BSU05460
BG12160,BSU05470
BG12161,BSU05480
BG12162,BSU05490
BG12163,BSU05500
BG12164,BSU05510
BG12810,BSU05520
BG12165,BSU05530
BG12166,BSU05540
BG12167,BSU05550
BG12168,BSU05560
BG12169,BSU05570
BG12170,BSU05580
BG12171,BSU05590
BG12172,BSU05600
BG10767,BSU05610
BG12173,BSU05620
BG10539,BSU05630
BG12174,BSU05640
BG12175,BSU05650
BG12176,BSU05660
BG12177,BSU05670
BG12178,BSU05680
BG12179,BSU05690
BG12180,BSU05700
BG12181,BSU05710
BG12182,BSU05720
BG12183,BSU05730
BG10697,BSU05740
BG12184,BSU05750
BG12185,BSU05760
BG12186,BSU05770
BG12187,BSU05780
BG12188,BSU05790
BG12189,BSU05800
BG12190,BSU05810
BG12191,BSU05820
BG12192,BSU05830
BG12193,BSU05840
BG12194,BSU05850
BG12195,BSU05860
BG12196,BSU05870
BG12197,BSU05880
BG12198,BSU05890
BG10693,BSU05900
BG12199,BSU05910
BG12200,BSU05920
BG12201,BSU05930
BG12202,BSU05940
BG12203,BSU05950
BG12204,BSU05960
BG12205,BSU05970
BG12206,BSU05980
BG12207,BSU05990
BG12208,BSU06000
BG12209,BSU06010
BG10422,BSU06020
BG10423,BSU06030
BG12785,BSU06040
BG12787,BSU06060
BG12788,BSU06070
BG12790,BSU06090
BG12791,BSU06100
BG12792,BSU06110
BG12793,BSU06120
BG12794,BSU06130
BG10178,BSU06140
BG10177,BSU06150
BG12795,BSU06160
BG12796,BSU06170
BG12797,BSU06180
BG12798,BSU06190
BG12799,BSU06200
BG12800,BSU06210
BG12801,BSU06220
BG12802,BSU06230
BG12803,BSU06240
BG11036,BSU06250
BG12804,BSU06260
BG12805,BSU06270
BG12806,BSU06280
BG12210,BSU06290
BG10490,BSU06300
BG11328,BSU06310
BG11329,BSU06320
BG12211,BSU06330
BG12212,BSU06340
BG12213,BSU06350
BG10647,BSU06360
BG12811,BSU06370
BG12812,BSU06380
BG12813,BSU06390
BG12814,BSU06400
BG12816,BSU06410
BG10700,BSU06420
BG10701,BSU06430
BG10702,BSU06440
BG10703,BSU06450
BG10704,BSU06460
BG10706,BSU06470
BG10705,BSU06480
BG10707,BSU06490
BG10708,BSU06500
BG10709,BSU06510
BG10710,BSU06520
BG10711,BSU06530
BG12874,BSU06540
BG12817,BSU06550
BG12829,BSU06560
BG12830,BSU06570
BG12831,BSU06580
BG12832,BSU06590
BG12833,BSU06600
BG12834,BSU06610
BG12835,BSU06620
BG12836,BSU06630
BG12837,BSU06640
BG11845,BSU06650
BG12641,BSU06660
BG12838,BSU06670
BG12839,BSU06680
BG12840,BSU06690
BG12841,BSU06700
BG12842,BSU06710
BG12843,BSU06720
BG12826,BSU06730
BG12827,BSU06740
BG12828,BSU06750
BG12818,BSU06760
BG12819,BSU06770
BG12820,BSU06780
BG12821,BSU06790
BG12872,BSU06800
BG12822,BSU06812
BG12823,BSU06820
BG11031,BSU06830
BG12824,BSU06840
BG12825,BSU06850
BG14194,BSU06860
BG12844,BSU06870
BG11808,BSU06880
BG11799,BSU06890
BG11800,BSU06900
BG11801,BSU06910
BG11809,BSU06920
BG12845,BSU06930
BG12846,BSU06940
BG12847,BSU06950
BG12848,BSU06960
BG12849,BSU06970
BG12850,BSU06980
BG12851,BSU06990
BG12852,BSU07000
BG12853,BSU07010
BG12854,BSU07020
BG12855,BSU07030
BG12856,BSU07040
BG12857,BSU07050
BG12858,BSU07060
BG12859,BSU07070
BG12860,BSU07080
BG12861,BSU07090
BG10434,BSU07100
BG10435,BSU07110
BG10857,BSU07120
BG10858,BSU07130
BG12862,BSU07140
BG12863,BSU07150
BG12864,BSU07160
BG12865,BSU07170
BG12873,BSU07180
BG12875,BSU07190
BG12866,BSU07200
BG12867,BSU07210
BG12868,BSU07220
BG12869,BSU07230
BG12870,BSU07240
BG12871,BSU07250
BG12980,BSU07260
BG12979,BSU07270
BG12978,BSU07280
BG12977,BSU07290
BG12976,BSU07300
BG12975,BSU07310
BG12974,BSU07320
BG12973,BSU07330
BG12972,BSU07340
BG12971,BSU07350
BG12970,BSU07360
BG12969,BSU07370
BG12968,BSU07380
BG12967,BSU07390
BG12966,BSU07400
BG12965,BSU07410
BG12964,BSU07420
BG12963,BSU07430
BG12962,BSU07440
BG12961,BSU07450
BG12960,BSU07460
BG12958,BSU07480
BG12957,BSU07490
BG12956,BSU07500
BG12955,BSU07510
BG12954,BSU07520
BG12953,BSU07530
BG12952,BSU07540
BG19020,BSU07550
BG10840,BSU07560
BG12951,BSU07570
BG12576,BSU07580
BG12577,BSU07590
BG12950,BSU07600
BG11832,BSU07610
BG12949,BSU07620
BG12948,BSU07630
BG12947,BSU07640
BG12946,BSU07650
BG12945,BSU07660
BG12944,BSU07670
BG12943,BSU07680
BG12942,BSU07690
BG12941,BSU07700
BG12940,BSU07710
BG12939,BSU07720
BG12937,BSU07735
BG12936,BSU07750
BG12935,BSU07760
BG12934,BSU07770
BG12933,BSU07780
BG12932,BSU07790
BG11009,BSU07800
BG11010,BSU07810
BG11011,BSU07820
BG12931,BSU07830
BG12930,BSU07840
BG12929,BSU07850
BG12928,BSU07860
BG12927,BSU07870
BG12926,BSU07880
BG12925,BSU07890
BG12924,BSU07900
BG12923,BSU07910
BG12922,BSU07920
BG12921,BSU07930
BG12920,BSU07940
BG12918,BSU07955
BG12916,BSU07970
BG12915,BSU07980
BG12914,BSU07990
BG12913,BSU08000
BG12912,BSU08010
BG12911,BSU08020
BG12910,BSU08030
BG12909,BSU08040
BG11034,BSU08050
BG12558,BSU08060
BG12559,BSU08070
BG12560,BSU08080
BG12561,BSU08090
BG11790,BSU08100
BG12917,BSU08110
BG12908,BSU08120
BG12907,BSU08130
BG12906,BSU08140
BG12905,BSU08150
BG12904,BSU08160
BG12903,BSU08170
BG11839,BSU08180
BG11847,BSU08190
BG11848,BSU08200
BG11849,BSU08210
BG11850,BSU08220
BG11851,BSU08230
BG11852,BSU08240
BG11853,BSU08250
BG11854,BSU08260
BG11855,BSU08270
BG12214,BSU08280
BG12215,BSU08290
BG12216,BSU08300
BG12217,BSU08310
BG12218,BSU08320
BG12219,BSU08330
BG12220,BSU08340
BG11951,BSU08350
BG12893,BSU08360
BG12894,BSU08370
BG12895,BSU08380
BG12896,BSU08390
BG12897,BSU08400
BG12898,BSU08410
BG12899,BSU08425
BG12901,BSU08440
BG12902,BSU08450
BG12876,BSU08460
BG12877,BSU08470
BG12878,BSU08480
BG12879,BSU08490
BG12880,BSU08500
BG12881,BSU08510
BG12882,BSU08520
BG12883,BSU08530
BG12884,BSU08540
BG14175,BSU08550
BG12885,BSU08560
BG12886,BSU08570
BG12887,BSU08580
BG12888,BSU08590
BG11834,BSU08600
BG12889,BSU08610
BG12890,BSU08620
BG12891,BSU08630
BG12892,BSU08640
BG12221,BSU08650
BG10789,BSU08660
BG12222,BSU08670
BG12223,BSU08680
BG12224,BSU08690
BG12225,BSU08700
BG11943,BSU08710
BG12226,BSU08720
BG12227,BSU08730
BG14192,BSU08740
BG10951,BSU08750
BG12229,BSU08760
BG12981,BSU08770
BG12230,BSU08780
BG11246,BSU08790
BG12231,BSU08800
BG10747,BSU08810
BG10849,BSU08820
BG12232,BSU08830
BG10656,BSU08840
BG10657,BSU08850
BG10658,BSU08860
BG12233,BSU08870
BG13085,BSU08880
BG12234,BSU08890
BG13086,BSU08900
BG12236,BSU08910
BG11811,BSU08920
BG11802,BSU08930
BG12237,BSU08940
BG10802,BSU08950
BG10803,BSU08960
BG10804,BSU08970
BG11238,BSU08980
BG13003,BSU08990
BG13004,BSU09000
BG11579,BSU09010
BG11580,BSU09020
BG11581,BSU09030
BG11582,BSU09040
BG11583,BSU09050
BG11584,BSU09060
BG11585,BSU09070
BG11586,BSU09080
BG11587,BSU09090
BG10824,BSU09100
BG11588,BSU09110
BG11589,BSU09120
BG11590,BSU09130
BG11591,BSU09140
BG11592,BSU09150
BG11593,BSU09165
BG11595,BSU09180
BG11596,BSU09190
BG11597,BSU09200
BG11598,BSU09210
BG11599,BSU09220
BG11600,BSU09230
BG11601,BSU09240
BG11602,BSU09250
BG10184,BSU09260
BG10185,BSU09270
BG10186,BSU09280
BG10187,BSU09290
BG10188,BSU09300
BG10189,BSU09310
BG13005,BSU09320
BG13006,BSU09330
BG13007,BSU09340
BG13008,BSU09350
BG13009,BSU09360
BG13010,BSU09370
BG13011,BSU09380
BG10181,BSU09390
BG10182,BSU09400
BG10183,BSU09410
BG11406,BSU09420
BG10853,BSU09430
BG10854,BSU09440
BG13012,BSU09450
BG13013,BSU09460
BG13014,BSU09470
BG13015,BSU09480
BG13016,BSU09490
BG13017,BSU09500
BG13018,BSU09510
BG13019,BSU09520
BG13020,BSU09530
BG13021,BSU09540
BG13022,BSU09550
BG13023,BSU09560
BG13024,BSU09570
BG13026,BSU09590
BG13027,BSU09600
BG13028,BSU09610
BG13029,BSU09620
BG13030,BSU09630
BG13031,BSU09640
BG13032,BSU09650
BG13046,BSU09660
BG13045,BSU09670
BG13044,BSU09680
BG13043,BSU09690
BG13042,BSU09700
BG13041,BSU09710
BG13040,BSU09720
BG13039,BSU09730
BG13038,BSU09740
BG10787,BSU09750
BG13037,BSU09760
BG13036,BSU09770
BG13035,BSU09780
BG13034,BSU09790
BG13033,BSU09800
BG13002,BSU09810
BG13000,BSU09830
BG12999,BSU09840
BG12997,BSU09850
BG12996,BSU09860
BG12995,BSU09870
BG12994,BSU09880
BG12993,BSU09890
BG12992,BSU09900
BG12991,BSU09910
BG12990,BSU09920
BG12989,BSU09930
BG12988,BSU09940
BG10464,BSU09950
BG12986,BSU09965
BG12985,BSU09980
BG10659,BSU09990
BG12984,BSU10000
BG12983,BSU10010
BG12673,BSU10020
BG12607,BSU10030
BG11516,BSU10040
BG11517,BSU10050
BG11518,BSU10060
BG12982,BSU10070
BG13047,BSU10080
BG10426,BSU10090
BG10427,BSU10100
BG10428,BSU10110
BG10429,BSU10120
BG10430,BSU10130
BG10431,BSU10140
BG10432,BSU10150
BG10433,BSU10160
BG13048,BSU10170
BG13049,BSU10180
BG13051,BSU10200
BG13052,BSU10210
BG12595,BSU10220
BG13053,BSU10230
BG13054,BSU10240
BG13055,BSU10250
BG13056,BSU10260
BG13057,BSU10270
BG13058,BSU10280
BG11029,BSU10290
BG10190,BSU10300
BG13059,BSU10310
BG13060,BSU10320
BG13061,BSU10330
BG13062,BSU10340
BG13063,BSU10350
BG13064,BSU10360
BG13065,BSU10370
BG13066,BSU10380
BG13067,BSU10390
BG11058,BSU10400
BG13087,BSU10410
BG11059,BSU10420
BG11060,BSU10430
BG13068,BSU10440
BG13069,BSU10450
BG13070,BSU10460
BG13071,BSU10470
BG13072,BSU10480
BG12674,BSU10490
BG13073,BSU10500
BG13074,BSU10510
BG13075,BSU10520
BG13076,BSU10530
BG13077,BSU10540
BG13078,BSU10550
BG13079,BSU10560
BG13080,BSU10570
BG13081,BSU10580
BG13082,BSU10590
BG13083,BSU10600
BG13084,BSU10610
BG10465,BSU10620
BG10466,BSU10630
BG10467,BSU10640
BG13088,BSU10650
BG13089,BSU10660
BG13090,BSU10670
BG13091,BSU10680
BG13092,BSU10690
BG13093,BSU10700
BG13094,BSU10710
BG13095,BSU10720
BG13096,BSU10730
BG13097,BSU10740
BG13098,BSU10750
BG13099,BSU10760
BG11846,BSU10770
BG12239,BSU10780
BG12240,BSU10790
BG14187,BSU10800
BG12241,BSU10810
BG12242,BSU10820
BG11064,BSU10830
BG10847,BSU10840
BG11065,BSU10850
BG12243,BSU10860
BG13100,BSU10870
BG13101,BSU10880
BG13103,BSU10890
BG13104,BSU10900
BG13105,BSU10910
BG13106,BSU10920
BG13107,BSU10930
BG13108,BSU10940
BG13109,BSU10950
BG13110,BSU10960
BG13111,BSU10970
BG13112,BSU10980
BG13113,BSU10990
BG13114,BSU11000
BG13115,BSU11010
BG13116,BSU11020
BG13117,BSU11030
BG13118,BSU11040
BG13120,BSU11055
BG13121,BSU11070
BG13122,BSU11080
BG13123,BSU11090
BG10691,BSU11100
BG12244,BSU11110
BG10850,BSU11120
BG10852,BSU11130
BG12245,BSU11140
BG12246,BSU11150
BG12247,BSU11160
BG12249,BSU11170
BG12250,BSU11180
BG10191,BSU11190
BG10192,BSU11200
BG10193,BSU11210
BG10194,BSU11220
BG10195,BSU11230
BG10196,BSU11240
BG10197,BSU11250
BG13223,BSU11260
BG13224,BSU11270
BG13124,BSU11280
BG13125,BSU11290
BG13126,BSU11300
BG13221,BSU11310
BG13222,BSU11320
BG13127,BSU11330
BG13128,BSU11340
BG13129,BSU11350
BG11085,BSU11360
BG11086,BSU11370
BG11088,BSU11390
BG11089,BSU11400
BG13130,BSU11410
BG10799,BSU11420
BG10771,BSU11430
BG10772,BSU11440
BG10773,BSU11450
BG10774,BSU11460
BG10775,BSU11470
BG13131,BSU11480
BG13132,BSU11490
BG13133,BSU11500
BG13134,BSU11510
,BSU11515
BG10680,BSU11520
,BSU11525
BG13135,BSU11530
BG13136,BSU11540
,BSU11549
BG13137,BSU11550
BG13138,BSU11560
BG13139,BSU11570
BG13140,BSU11580
BG13141,BSU11590
BG13142,BSU11600
BG13143,BSU11610
BG13144,BSU11620
BG13145,BSU11630
BG13146,BSU11640
BG10791,BSU11650
BG10792,BSU11660
BG13147,BSU11670
BG13148,BSU11680
BG13149,BSU11690
BG13150,BSU11700
BG13151,BSU11710
BG13152,BSU11720
BG13153,BSU11730
BG10499,BSU11740
BG10498,BSU11750
BG10500,BSU11760
BG10497,BSU11770
BG10496,BSU11780
BG13154,BSU11790
BG13156,BSU11810
BG13157,BSU11820
BG13158,BSU11839
BG13159,BSU11840
BG13160,BSU11850
BG13161,BSU11860
BG13162,BSU11870
BG13163,BSU11880
BG13164,BSU11890
BG13165,BSU11900
BG13166,BSU11910
BG13167,BSU11920
,BSU11928
,BSU11929
BG13168,BSU11930
BG13169,BSU11940
BG13170,BSU11950
BG13171,BSU11960
BG13172,BSU11970
BG13173,BSU11980
BG13174,BSU11990
BG13175,BSU12000
BG13176,BSU12010
BG13177,BSU12020
BG13178,BSU12030
BG13179,BSU12040
BG13180,BSU12050
BG13181,BSU12060
,BSU12069
BG13182,BSU12070
BG13183,BSU12080
BG10495,BSU12090
BG13184,BSU12100
BG13185,BSU12110
BG13186,BSU12120
BG13187,BSU12130
BG13188,BSU12140
BG13189,BSU12150
BG13190,BSU12160
BG13191,BSU12170
BG13192,BSU12180
BG13193,BSU12190
BG13194,BSU12200
BG13195,BSU12210
BG13196,BSU12220
,BSU12229
BG13197,BSU12230
BG13198,BSU12240
BG13199,BSU12250
BG13200,BSU12260
BG13201,BSU12270
BG13202,BSU12280
BG13203,BSU12290
BG13204,BSU12300
BG13205,BSU12310
BG13206,BSU12320
BG13207,BSU12330
BG13208,BSU12340
BG13209,BSU12350
BG13210,BSU12360
BG13211,BSU12370
BG13212,BSU12380
BG13213,BSU12390
BG13214,BSU12400
BG13215,BSU12410
BG13216,BSU12420
BG10652,BSU12430
BG10653,BSU12440
BG13217,BSU12450
BG12699,BSU12460
BG13218,BSU12470
BG13219,BSU12480
BG13220,BSU12490
BG10993,BSU12500
BG10994,BSU12510
,BSU12519
BG10995,BSU12520
BG10996,BSU12530
,BSU12539
BG10997,BSU12540
BG11559,BSU12550
BG10998,BSU12560
BG10999,BSU12570
BG11000,BSU12580
BG11540,BSU12590
BG11541,BSU12600
BG11542,BSU12610
,BSU12619
BG11543,BSU12620
BG11544,BSU12630
BG11545,BSU12640
,BSU12649
BG11546,BSU12650
BG11547,BSU12660
BG11548,BSU12671
,BSU12672
BG11549,BSU12680
BG11550,BSU12690
BG11551,BSU12700
BG11552,BSU12710
BG11553,BSU12720
BG11554,BSU12730
BG11555,BSU12740
,BSU12749
BG11556,BSU12750
BG11557,BSU12760
BG11558,BSU12770
BG10959,BSU12780
BG10960,BSU12790
BG10961,BSU12800
BG10962,BSU12810
,BSU12815
BG12678,BSU12820
BG12677,BSU12830
BG13226,BSU12840
BG13225,BSU12850
BG13227,BSU12860
BG13228,BSU12870
,BSU12875
BG13229,BSU12880
BG13230,BSU12890
BG12608,BSU12900
BG10841,BSU12910
BG10842,BSU12920
BG10843,BSU12930
BG10844,BSU12940
BG10845,BSU12950
BG10846,BSU12960
BG13231,BSU12970
BG13232,BSU12980
BG13233,BSU12990
BG13234,BSU13000
BG13236,BSU13010
BG13235,BSU13020
BG11417,BSU13030
BG11418,BSU13040
BG13336,BSU13050
BG11419,BSU13060
BG11420,BSU13070
BG11421,BSU13080
BG11422,BSU13090
BG11423,BSU13100
BG13237,BSU13110
BG10963,BSU13120
BG10964,BSU13130
BG13238,BSU13140
BG13239,BSU13150
BG19021,BSU13160
,BSU13169
BG13240,BSU13170
BG12616,BSU13180
BG10674,BSU13190
BG12609,BSU13200
BG13248,BSU13210
BG13249,BSU13220
BG13250,BSU13230
BG13251,BSU13240
BG13252,BSU13250
BG13253,BSU13260
BG13254,BSU13270
BG13255,BSU13280
BG13332,BSU13290
,BSU13299
BG13256,BSU13300
BG11805,BSU13310
BG13330,BSU13320
BG13257,BSU13330
BG13258,BSU13340
BG13259,BSU13350
BG13260,BSU13360
BG13261,BSU13370
BG13262,BSU13380
BG13263,BSU13390
BG13264,BSU13400
BG13265,BSU13410
BG13266,BSU13420
BG13267,BSU13430
BG13268,BSU13440
BG13269,BSU13450
BG13272,BSU13460
BG10788,BSU13470
BG13273,BSU13480
BG13274,BSU13490
BG13275,BSU13500
BG13333,BSU13510
BG13276,BSU13520
BG13277,BSU13530
BG10848,BSU13540
BG13278,BSU13550
BG13279,BSU13560
BG13280,BSU13570
BG13281,BSU13580
BG13282,BSU13590
BG13283,BSU13600
BG13284,BSU13610
BG13285,BSU13620
BG13308,BSU13630
BG10769,BSU13640
BG10770,BSU13650
BG13309,BSU13660
BG13310,BSU13670
BG10689,BSU13680
BG10688,BSU13690
BG12578,BSU13700
BG13311,BSU13710
BG13312,BSU13720
BG13313,BSU13730
BG13314,BSU13740
BG13315,BSU13750
BG13316,BSU13760
BG13317,BSU13770
BG13318,BSU13780
,BSU13789
BG13319,BSU13790
,BSU13799
BG13320,BSU13800
BG13321,BSU13810
,BSU13819
BG13322,BSU13820
BG13323,BSU13830
BG13324,BSU13840
BG13325,BSU13850
BG13326,BSU13860
BG13327,BSU13870
BG12593,BSU13880
BG10198,BSU13890
BG10200,BSU13900
BG10201,BSU13910
BG10202,BSU13920
BG10203,BSU13930
BG12252,BSU13940
BG11533,BSU13950
BG13328,BSU13960
BG13329,BSU13970
BG13286,BSU13980
BG10204,BSU13990
BG10205,BSU14000
,BSU14009
BG10823,BSU14010
BG11202,BSU14020
BG13287,BSU14030
BG13288,BSU14040
BG13289,BSU14050
BG13290,BSU14060
BG13291,BSU14071
,BSU14072
BG13292,BSU14080
BG13293,BSU14090
BG13294,BSU14100
BG13295,BSU14110
BG13334,BSU14120
BG13296,BSU14130
BG13297,BSU14140
BG13298,BSU14150
BG13299,BSU14160
BG13300,BSU14170
BG13301,BSU14180
BG13302,BSU14190
BG13303,BSU14200
BG13304,BSU14210
BG13305,BSU14220
BG13306,BSU14230
BG13307,BSU14240
BG12251,BSU14250
BG12621,BSU14260
BG12624,BSU14270
BG12623,BSU14280
BG12622,BSU14290
BG12620,BSU14300
BG12619,BSU14310
BG13241,BSU14320
BG13242,BSU14330
BG13243,BSU14340
BG13244,BSU14350
BG13245,BSU14360
BG13246,BSU14370
BG12589,BSU14380
BG12588,BSU14390
BG11938,BSU14400
BG11977,BSU14410
BG13247,BSU14420
BG13270,BSU14430
BG13271,BSU14440
BG10986,BSU14450
BG11812,BSU14460
BG10987,BSU14470
BG10988,BSU14480
BG10989,BSU14490
BG10990,BSU14500
BG10991,BSU14510
BG11044,BSU14520
BG11813,BSU14530
BG13335,BSU14540
BG11814,BSU14550
BG11815,BSU14560
,BSU14568
,BSU14569
BG10206,BSU14570
BG10207,BSU14580
BG10208,BSU14590
BG10209,BSU14600
BG10210,BSU14610
BG10211,BSU14620
,BSU14629
BG10212,BSU14630
BG11816,BSU14640
BG11817,BSU14650
BG13337,BSU14660
BG11818,BSU14670
BG13331,BSU14680
BG11819,BSU14690
BG10448,BSU14700
BG13338,BSU14710
BG13339,BSU14720
BG13340,BSU14730
BG13341,BSU14740
BG13342,BSU14750
BG13343,BSU14760
BG13344,BSU14770
BG13345,BSU14780
BG13346,BSU14790
BG13347,BSU14800
BG13348,BSU14810
BG13349,BSU14820
BG13350,BSU14830
BG13351,BSU14840
BG13352,BSU14850
BG12660,BSU14860
BG10213,BSU14870
BG10214,BSU14880
BG10215,BSU14890
BG10216,BSU14900
BG10217,BSU14910
BG10218,BSU14920
BG12579,BSU14930
BG13353,BSU14940
BG13354,BSU14950
BG13355,BSU14960
BG13356,BSU14970
BG13357,BSU14980
BG13358,BSU14990
BG13359,BSU15000
BG13360,BSU15010
BG13361,BSU15020
BG13362,BSU15030
BG13363,BSU15040
BG13364,BSU15050
BG13365,BSU15060
,BSU15069
BG13366,BSU15070
BG12668,BSU15080
BG13367,BSU15090
BG13368,BSU15100
BG13369,BSU15110
BG11424,BSU15120
BG11425,BSU15130
BG10219,BSU15140
BG10220,BSU15150
BG10221,BSU15160
BG10222,BSU15170
BG10223,BSU15180
BG10224,BSU15190
BG10225,BSU15200
BG10226,BSU15210
BG10227,BSU15220
BG10228,BSU15230
BG10229,BSU15240
BG11490,BSU15250
BG11489,BSU15260
BG10230,BSU15270
BG10231,BSU15280
BG10232,BSU15290
BG10233,BSU15300
BG10234,BSU15310
BG10235,BSU15320
BG10236,BSU15330
BG13370,BSU15340
BG13371,BSU15350
BG13372,BSU15360
BG13373,BSU15370
BG13374,BSU15380
BG13375,BSU15390
BG13376,BSU15400
BG11856,BSU15410
BG11835,BSU15420
BG11792,BSU15430
BG11795,BSU15440
BG11793,BSU15450
BG11796,BSU15460
BG10712,BSU15470
BG10992,BSU15480
BG10713,BSU15490
BG10714,BSU15500
BG10715,BSU15510
BG10716,BSU15520
BG10717,BSU15530
BG10718,BSU15540
BG10719,BSU15550
BG10720,BSU15560
BG11930,BSU15570
BG13377,BSU15580
BG13378,BSU15590
BG13379,BSU15600
BG13380,BSU15610
BG13381,BSU15620
BG13382,BSU15630
BG13383,BSU15640
BG13384,BSU15650
BG13385,BSU15660
BG14185,BSU15670
BG13386,BSU15680
BG13387,BSU15690
BG13388,BSU15700
BG11963,BSU15710
BG11933,BSU15720
BG11937,BSU15730
BG12253,BSU15740
BG13389,BSU15750
BG13390,BSU15760
BG13391,BSU15770
BG13392,BSU15780
BG13393,BSU15790
BG13394,BSU15800
BG10776,BSU15810
BG10777,BSU15820
BG13395,BSU15830
BG13396,BSU15840
BG13397,BSU15850
BG13398,BSU15860
BG13399,BSU15870
BG13400,BSU15880
BG11843,BSU15890
BG11836,BSU15900
BG11535,BSU15910
BG11536,BSU15920
BG11537,BSU15930
BG11538,BSU15940
BG11539,BSU15950
BG13401,BSU15960
BG10829,BSU15970
BG10830,BSU15980
BG10831,BSU15990
BG13402,BSU16000
BG13403,BSU16010
BG13404,BSU16020
BG12687,BSU16030
BG12667,BSU16040
BG13405,BSU16050
BG12666,BSU16060
BG13406,BSU16070
BG13407,BSU16080
BG12680,BSU16090
BG12681,BSU16100
BG11006,BSU16110
BG11007,BSU16120
BG11008,BSU16130
BG10965,BSU16140
BG10966,BSU16150
BG10967,BSU16160
BG10968,BSU16170
BG10237,BSU16180
BG10238,BSU16190
BG10239,BSU16200
BG10240,BSU16210
BG10241,BSU16220
BG10242,BSU16230
BG10243,BSU16240
BG10245,BSU16250
BG10246,BSU16260
BG10247,BSU16270
BG10248,BSU16280
BG10249,BSU16290
,BSU16299
BG10250,BSU16300
BG10251,BSU16310
BG10252,BSU16320
BG10258,BSU16330
BG10259,BSU16340
BG10260,BSU16350
BG10261,BSU16360
BG10262,BSU16370
BG10543,BSU16380
BG10542,BSU16390
BG10544,BSU16400
BG10254,BSU16410
BG10255,BSU16420
BG10256,BSU16430
BG10692,BSU16440
BG10749,BSU16450
BG10750,BSU16460
BG10751,BSU16470
BG10752,BSU16480
BG19004,BSU16490
BG19025,BSU16500
BG12675,BSU16510
BG12587,BSU16520
BG13408,BSU16530
BG12575,BSU16540
BG13409,BSU16550
BG13410,BSU16560
BG12659,BSU16570
BG10263,BSU16580
BG10264,BSU16590
BG10265,BSU16600
BG10266,BSU16610
BG10267,BSU16620
BG10268,BSU16630
BG10269,BSU16640
BG10270,BSU16650
BG10271,BSU16660
BG11495,BSU16670
BG19010,BSU16680
BG11491,BSU16690
BG11492,BSU16700
BG10779,BSU16710
BG10780,BSU16720
BG10781,BSU16730
BG10782,BSU16740
BG10783,BSU16750
BG10784,BSU16760
BG10785,BSU16770
BG13422,BSU16780
BG11055,BSU16790
BG10763,BSU16800
BG13423,BSU16810
BG13424,BSU16825
BG13426,BSU16845
BG13428,BSU16860
BG13429,BSU16870
BG13430,BSU16880
BG13432,BSU16900
BG13433,BSU16910
BG11373,BSU16920
BG11374,BSU16930
BG10721,BSU16940
BG12642,BSU16950
BG13420,BSU16960
BG13421,BSU16970
BG11245,BSU16980
BG12685,BSU16990
BG12610,BSU17000
BG13418,BSU17010
BG13417,BSU17020
BG10494,BSU17030
BG11403,BSU17040
BG11402,BSU17050
BG14188,BSU17060
BG13419,BSU17070
BG12647,BSU17080
BG12648,BSU17090
,BSU17099
BG12649,BSU17100
BG12650,BSU17110
BG12651,BSU17120
BG14186,BSU17130
BG10925,BSU17140
BG10926,BSU17150
BG10927,BSU17160
BG10928,BSU17170
BG10929,BSU17180
BG10698,BSU17190
BG10931,BSU17200
BG12652,BSU17210
BG12654,BSU17220
BG12655,BSU17230
BG13435,BSU17240
BG13413,BSU17250
BG12567,BSU17260
BG13411,BSU17270
BG13412,BSU17280
BG12586,BSU17290
BG12585,BSU17300
BG13415,BSU17310
BG13414,BSU17320
BG12617,BSU17330
BG13416,BSU17340
BG13436,BSU17350
BG13434,BSU17360
BG11426,BSU17370
BG11404,BSU17380
BG11405,BSU17390
BG11427,BSU17400
BG10825,BSU17410
BG11039,BSU17420
BG12263,BSU17430
BG12264,BSU17440
BG10424,BSU17450
BG10425,BSU17460
BG11074,BSU17470
BG13469,BSU17480
BG13470,BSU17490
BG12254,BSU17500
BG12255,BSU17510
BG12256,BSU17520
BG12257,BSU17530
BG12258,BSU17540
BG12259,BSU17550
,BSU17559
BG12261,BSU17560
BG12262,BSU17570
BG11987,BSU17580
BG11986,BSU17590
BG10806,BSU17600
BG10807,BSU17610
BG12265,BSU17620
BG12266,BSU17630
BG12267,BSU17640
BG12268,BSU17650
BG13437,BSU17660
BG13471,BSU17670
,BSU17678
,BSU17679
BG11190,BSU17680
,BSU17689
BG13438,BSU17690
,BSU17699
BG10492,BSU17700
BG13464,BSU17710
,BSU17715
BG13439,BSU17720
BG13440,BSU17730
BG13465,BSU17740
BG13441,BSU17750
BG13442,BSU17760
BG13443,BSU17770
BG13444,BSU17780
BG13445,BSU17790
BG13446,BSU17800
BG13447,BSU17810
BG13448,BSU17820
BG13449,BSU17830
BG13450,BSU17840
,BSU17845
BG10678,BSU17850
BG11820,BSU17860
BG11821,BSU17870
BG13466,BSU17880
BG11247,BSU17890
BG11248,BSU17900
BG11249,BSU17910
BG13467,BSU17920
BG11240,BSU17930
BG11250,BSU17940
BG11251,BSU17950
BG11252,BSU17960
BG11822,BSU17970
BG11921,BSU17980
BG11920,BSU17990
BG10478,BSU18000
BG13451,BSU18010
,BSU18019
BG14179,BSU18020
BG11806,BSU18030
BG11823,BSU18040
BG11824,BSU18050
BG11825,BSU18060
BG11826,BSU18070
BG11827,BSU18080
BG11804,BSU18090
BG11803,BSU18100
,BSU18109
BG11828,BSU18110
BG11798,BSU18120
BG10437,BSU18130
BG11829,BSU18140
BG11830,BSU18150
BG11807,BSU18160
BG13452,BSU18170
BG13453,BSU18180
BG13454,BSU18190
BG13455,BSU18200
BG13456,BSU18210
BG13457,BSU18220
BG13458,BSU18230
,BSU18239
BG13459,BSU18240
BG13460,BSU18250
BG13461,BSU18260
BG13468,BSU18270
,BSU18275
BG13462,BSU18280
BG13463,BSU18290
BG11962,BSU18300
BG11961,BSU18310
BG10972,BSU18320
BG10971,BSU18330
BG10970,BSU18340
BG10969,BSU18350
BG10253,BSU18360
BG13548,BSU18370
BG13549,BSU18380
BG13550,BSU18390
BG13551,BSU18400
BG11838,BSU18410
BG13552,BSU18420
BG13553,BSU18430
BG12594,BSU18440
BG10811,BSU18450
BG10810,BSU18460
BG12658,BSU18470
BG11049,BSU18480
BG10738,BSU18490
BG11048,BSU18500
BG11047,BSU18510
BG11046,BSU18520
BG13472,BSU18530
BG13473,BSU18540
BG13474,BSU18550
BG13475,BSU18560
BG13476,BSU18570
BG13477,BSU18580
BG13478,BSU18590
,BSU18595
,BSU18596
BG14189,BSU18600
BG13479,BSU18610
BG13480,BSU18620
BG13481,BSU18630
BG13482,BSU18640
BG12643,BSU18650
BG13483,BSU18660
,BSU18669
BG13484,BSU18670
BG13485,BSU18680
,BSU18689
BG13486,BSU18690
BG13487,BSU18700
,BSU18709
BG13753,BSU18710
BG13488,BSU18720
BG13489,BSU18730
BG13754,BSU18740
BG13490,BSU18750
BG13491,BSU18760
BG13492,BSU18770
BG13493,BSU18780
BG13494,BSU18790
BG11016,BSU18800
BG13495,BSU18810
,BSU18819
BG13496,BSU18820
BG12657,BSU18830
BG10808,BSU18840
,BSU18849
BG13497,BSU18850
BG13755,BSU18860
BG13756,BSU18870
BG13498,BSU18880
BG13499,BSU18890
,BSU18898
,BSU18899
BG13757,BSU18900
,BSU18908
,BSU18909
BG12664,BSU18910
BG12646,BSU18920
BG13500,BSU18930
BG13758,BSU18940
BG13759,BSU18950
BG13760,BSU18960
BG13501,BSU18970
,BSU18978
,BSU18979
BG13502,BSU18980
BG13503,BSU18990
BG13504,BSU19000
BG13505,BSU19010
BG13506,BSU19020
BG13507,BSU19030
BG10809,BSU19040
BG13508,BSU19050
BG13509,BSU19060
BG13510,BSU19070
BG13511,BSU19080
BG13512,BSU19090
BG13513,BSU19100
BG12269,BSU19110
BG13748,BSU19120
BG13514,BSU19130
BG13749,BSU19140
BG13515,BSU19150
BG13516,BSU19160
BG13517,BSU19170
BG13518,BSU19180
BG13519,BSU19190
BG13520,BSU19200
BG13521,BSU19210
BG13522,BSU19220
BG13523,BSU19230
BG13524,BSU19240
BG13525,BSU19250
,BSU19259
BG13526,BSU19260
BG13761,BSU19270
BG13527,BSU19280
BG13762,BSU19290
BG13750,BSU19300
BG12582,BSU19310
BG12679,BSU19320
BG12676,BSU19330
BG13528,BSU19340
BG13529,BSU19350
BG10273,BSU19360
BG10272,BSU19370
BG13567,BSU19380
BG13566,BSU19390
BG13565,BSU19400
BG13564,BSU19410
BG13563,BSU19420
BG13562,BSU19430
BG13561,BSU19440
BG13560,BSU19450
BG13559,BSU19460
BG13558,BSU19470
,BSU19479
BG13557,BSU19480
BG14190,BSU19490
BG13555,BSU19510
BG13554,BSU19520
BG13530,BSU19530
BG13531,BSU19540
BG13532,BSU19550
BG13533,BSU19560
BG13534,BSU19570
,BSU19579
BG13535,BSU19580
BG11794,BSU19590
BG13536,BSU19600
BG13537,BSU19610
BG13538,BSU19620
BG12581,BSU19630
,BSU19639
BG13539,BSU19640
BG13540,BSU19650
BG13751,BSU19660
,BSU19669
BG13541,BSU19670
BG13752,BSU19680
,BSU19689
BG13542,BSU19690
BG13543,BSU19700
BG12569,BSU19710
BG13544,BSU19720
BG13545,BSU19730
BG13546,BSU19740
,BSU19745
,BSU19749
BG11197,BSU19750
BG11196,BSU19760
BG11195,BSU19770
BG11193,BSU19780
BG11194,BSU19790
BG11198,BSU19800
BG13547,BSU19810
BG13747,BSU19820
BG13746,BSU19830
BG13745,BSU19840
BG13744,BSU19850
BG13743,BSU19860
BG13742,BSU19870
BG13741,BSU19880
BG13740,BSU19890
BG13739,BSU19900
BG13738,BSU19910
,BSU19915
BG13737,BSU19920
BG13736,BSU19930
BG13735,BSU19940
BG10882,BSU19950
BG13733,BSU19970
BG13732,BSU19980
BG13731,BSU19990
,BSU19999
BG13730,BSU20000
BG13729,BSU20010
BG13728,BSU20020
BG13727,BSU20030
BG13725,BSU20040
BG13726,BSU20050
BG13723,BSU20060
BG13722,BSU20070
BG13721,BSU20080
BG13720,BSU20090
BG13719,BSU20100
BG13718,BSU20110
BG13717,BSU20120
BG13716,BSU20130
BG13715,BSU20140
BG13714,BSU20150
BG13713,BSU20160
BG13712,BSU20170
BG13711,BSU20180
BG13710,BSU20190
BG13709,BSU20200
BG13708,BSU20210
BG13707,BSU20220
BG13706,BSU20230
BG13705,BSU20240
BG12627,BSU20250
BG13704,BSU20260
BG13703,BSU20270
BG13702,BSU20280
BG13701,BSU20290
BG13700,BSU20300
BG13699,BSU20310
BG13698,BSU20320
BG13697,BSU20330
BG13696,BSU20340
BG13695,BSU20350
BG13694,BSU20360
BG13693,BSU20370
BG13692,BSU20380
BG13691,BSU20390
BG13690,BSU20400
BG13689,BSU20410
BG13688,BSU20420
BG13687,BSU20430
BG13686,BSU20440
BG13685,BSU20450
BG13684,BSU20460
BG13683,BSU20470
BG13682,BSU20480
BG13681,BSU20490
BG13680,BSU20500
BG13679,BSU20510
BG13678,BSU20520
BG13677,BSU20530
BG13676,BSU20540
BG13675,BSU20550
BG13674,BSU20560
BG13673,BSU20570
BG13672,BSU20580
BG13671,BSU20590
BG13670,BSU20600
BG13669,BSU20610
BG13668,BSU20620
BG13667,BSU20630
BG13666,BSU20640
BG13665,BSU20650
BG13664,BSU20660
BG13663,BSU20670
BG13662,BSU20680
BG13661,BSU20690
BG13660,BSU20700
BG13659,BSU20710
BG13658,BSU20720
BG13657,BSU20730
BG13656,BSU20740
BG13655,BSU20750
BG13654,BSU20760
BG13653,BSU20770
BG13652,BSU20780
BG13651,BSU20790
BG13650,BSU20800
BG13649,BSU20810
BG13648,BSU20820
BG13647,BSU20830
BG13646,BSU20840
BG13645,BSU20850
BG13644,BSU20860
BG13643,BSU20870
BG13642,BSU20880
BG13641,BSU20890
BG13640,BSU20900
BG13639,BSU20910
BG13638,BSU20920
,BSU20928
,BSU20929
BG13637,BSU20930
BG13636,BSU20940
BG13635,BSU20950
BG13634,BSU20960
BG13633,BSU20970
BG13632,BSU20980
BG13631,BSU20990
,BSU20999
BG13630,BSU21000
BG13629,BSU21010
BG13628,BSU21020
BG13627,BSU21030
BG13626,BSU21040
BG13625,BSU21050
,BSU21058
BG13624,BSU21060
BG13623,BSU21070
BG13622,BSU21080
BG13621,BSU21090
BG13620,BSU21100
BG13619,BSU21110
BG13618,BSU21120
BG13617,BSU21130
BG13616,BSU21140
BG13615,BSU21150
BG13614,BSU21160
BG13613,BSU21170
BG13612,BSU21180
BG13611,BSU21190
BG13610,BSU21200
BG13609,BSU21210
BG13608,BSU21220
,BSU21229
BG13607,BSU21230
BG13606,BSU21240
BG13605,BSU21250
BG13604,BSU21260
BG13603,BSU21270
BG13602,BSU21280
BG13601,BSU21290
BG13600,BSU21300
BG13763,BSU21310
BG13599,BSU21320
,BSU21329
BG13598,BSU21330
BG13597,BSU21340
BG13596,BSU21350
BG13595,BSU21360
BG13594,BSU21370
BG13593,BSU21380
BG13592,BSU21390
BG13591,BSU21400
,BSU21409
BG13590,BSU21410
BG13589,BSU21420
BG13588,BSU21430
BG13587,BSU21440
BG13586,BSU21450
BG13585,BSU21460
BG12683,BSU21470
BG12682,BSU21480
BG13584,BSU21490
BG12698,BSU21500
BG13583,BSU21510
BG13582,BSU21520
BG13581,BSU21530
BG13580,BSU21540
,BSU21546
BG13579,BSU21550
BG13578,BSU21560
BG13577,BSU21570
BG13576,BSU21580
BG13575,BSU21590
,BSU21598
,BSU21599
BG13574,BSU21600
BG13573,BSU21610
BG13572,BSU21620
BG13571,BSU21630
,BSU21638
,BSU21639
BG13570,BSU21640
BG13569,BSU21650
BG13568,BSU21660
BG11629,BSU21670
BG11628,BSU21680
BG11627,BSU21690
BG11626,BSU21700
BG11625,BSU21710
BG11624,BSU21720
BG11623,BSU21730
BG11022,BSU21740
BG11622,BSU21750
BG11621,BSU21760
BG10673,BSU21770
BG11619,BSU21780
BG11620,BSU21790
BG11618,BSU21800
BG10795,BSU21810
BG10794,BSU21820
BG11617,BSU21830
BG11616,BSU21840
BG11615,BSU21850
BG11614,BSU21860
BG11532,BSU21870
BG11613,BSU21880
BG11612,BSU21890
BG11530,BSU21900
BG11534,BSU21910
BG11611,BSU21920
,BSU21925
BG11531,BSU21930
BG10699,BSU21940
BG13764,BSU21950
BG11610,BSU21960
BG11609,BSU21970
BG11607,BSU21980
BG11608,BSU21990
BG14176,BSU22000
BG11606,BSU22010
,BSU22019
BG11605,BSU22020
BG11604,BSU22030
,BSU22036
BG11603,BSU22040
BG11523,BSU22050
BG11080,BSU22060
BG11079,BSU22070
BG11458,BSU22080
BG11399,BSU22090
BG11396,BSU22100
BG11397,BSU22110
BG11398,BSU22120
BG11401,BSU22130
BG11400,BSU22140
BG11457,BSU22150
BG11456,BSU22160
,BSU22169
BG11455,BSU22170
BG11454,BSU22180
BG11453,BSU22190
BG10493,BSU22200
,BSU22205
BG11452,BSU22210
BG11451,BSU22220
BG11450,BSU22230
BG11449,BSU22240
BG11448,BSU22250
BG11447,BSU22260
BG11446,BSU22270
BG11445,BSU22280
BG14177,BSU22290
BG10952,BSU22300
BG10953,BSU22310
BG10954,BSU22320
BG10955,BSU22330
BG10956,BSU22340
BG10957,BSU22350
BG10958,BSU22360
BG11513,BSU22370
BG11502,BSU22380
BG11501,BSU22390
BG11515,BSU22400
BG11493,BSU22410
BG11520,BSU22420
BG11519,BSU22430
BG11206,BSU22440
BG11208,BSU22450
BG11213,BSU22460
BG11212,BSU22470
BG11211,BSU22480
BG11207,BSU22490
BG11210,BSU22500
BG11209,BSU22510
BG11500,BSU22520
BG11499,BSU22530
BG11327,BSU22540
BG11326,BSU22550
BG11325,BSU22560
BG11498,BSU22570
BG11497,BSU22580
BG11496,BSU22590
BG10294,BSU22600
BG10293,BSU22610
BG10292,BSU22620
BG10291,BSU22630
BG10290,BSU22640
BG10289,BSU22650
BG11038,BSU22660
BG10288,BSU22670
BG10287,BSU22680
BG10286,BSU22690
BG10285,BSU22700
BG10284,BSU22710
BG10283,BSU22720
BG10282,BSU22730
BG10281,BSU22740
BG10280,BSU22750
BG10279,BSU22760
BG10278,BSU22770
BG10277,BSU22780
BG10276,BSU22790
BG10275,BSU22800
BG10274,BSU22810
BG11444,BSU22820
BG11366,BSU22830
BG11443,BSU22840
,BSU22849
BG11442,BSU22850
BG11441,BSU22860
,BSU22869
BG11440,BSU22870
BG11005,BSU22880
BG11004,BSU22890
BG11003,BSU22900
BG11002,BSU22910
BG11001,BSU22920
BG11439,BSU22930
BG11438,BSU22940
BG11436,BSU22950
BG11435,BSU22960
BG11434,BSU22970
BG11433,BSU22980
BG11432,BSU22990
BG11431,BSU23000
BG11430,BSU23010
BG11407,BSU23020
BG11429,BSU23030
BG11388,BSU23040
BG11428,BSU23050
BG13767,BSU23060
BG10509,BSU23070
BG10538,BSU23080
BG10537,BSU23090
BG10536,BSU23100
BG10535,BSU23110
BG10534,BSU23120
BG10533,BSU23130
BG10532,BSU23140
BG10531,BSU23150
BG10530,BSU23160
BG10529,BSU23170
BG10528,BSU23180
BG10527,BSU23190
BG10526,BSU23200
BG10525,BSU23210
BG10524,BSU23220
BG10523,BSU23230
BG10522,BSU23240
BG10521,BSU23250
BG10520,BSU23260
BG10519,BSU23270
BG10518,BSU23280
BG10516,BSU23300
BG10515,BSU23310
BG13765,BSU23320
,BSU23328
,BSU23329
BG10514,BSU23330
BG10513,BSU23340
,BSU23349
BG13766,BSU23350
BG10512,BSU23360
BG10511,BSU23370
BG10510,BSU23380
BG10508,BSU23390
,BSU23401
,BSU23402
BG10895,BSU23410
BG10894,BSU23420
BG10893,BSU23430
BG10892,BSU23440
BG10298,BSU23450
BG10297,BSU23460
BG10296,BSU23470
BG10295,BSU23480
BG11330,BSU23490
BG11331,BSU23500
BG11332,BSU23510
,BSU23519
BG11766,BSU23520
BG10768,BSU23530
BG11765,BSU23540
BG11764,BSU23550
BG11763,BSU23560
BG10301,BSU23570
BG10300,BSU23580
BG10299,BSU23590
BG11073,BSU23600
BG11762,BSU23610
,BSU23616
BG11761,BSU23620
BG11760,BSU23630
BG11759,BSU23640
BG11758,BSU23650
BG11757,BSU23660
BG11756,BSU23670
BG11755,BSU23680
BG11754,BSU23690
BG11753,BSU23700
BG11752,BSU23710
BG13774,BSU23720
BG11751,BSU23730
BG11750,BSU23740
BG11749,BSU23750
BG11748,BSU23760
BG11747,BSU23770
BG11746,BSU23780
BG11745,BSU23790
BG11744,BSU23800
BG11743,BSU23810
BG11742,BSU23820
BG11741,BSU23830
,BSU23836
,BSU23837
BG11740,BSU23840
BG11739,BSU23850
BG11738,BSU23860
BG11737,BSU23870
BG14191,BSU23880
BG11736,BSU23890
BG11735,BSU23900
BG11734,BSU23910
BG11733,BSU23920
BG11732,BSU23930
BG11731,BSU23940
BG11730,BSU23950
BG11729,BSU23960
BG11728,BSU23970
BG11727,BSU23980
BG11726,BSU23990
BG10302,BSU24000
BG10303,BSU24010
BG10304,BSU24020
BG10305,BSU24030
BG10306,BSU24040
BG10307,BSU24050
BG11725,BSU24060
BG11724,BSU24070
BG11723,BSU24080
BG11722,BSU24090
BG11721,BSU24100
BG13772,BSU24110
BG11720,BSU24120
BG11323,BSU24130
BG11322,BSU24140
BG11321,BSU24150
BG11320,BSU24160
BG11319,BSU24170
BG11719,BSU24180
BG11717,BSU24190
BG11030,BSU24200
,BSU24205
BG11716,BSU24210
BG10765,BSU24220
BG10311,BSU24230
BG10310,BSU24240
BG10309,BSU24250
BG10308,BSU24260
BG11715,BSU24270
BG11714,BSU24280
BG11713,BSU24290
BG11712,BSU24300
BG11711,BSU24310
BG11710,BSU24320
BG11709,BSU24330
BG11384,BSU24340
BG11383,BSU24350
BG11415,BSU24360
BG11414,BSU24370
BG11413,BSU24380
BG11412,BSU24390
BG11411,BSU24400
BG11410,BSU24410
BG10541,BSU24420
BG10540,BSU24430
BG11459,BSU24440
BG11460,BSU24450
BG11708,BSU24460
BG11707,BSU24470
BG11706,BSU24480
BG11705,BSU24490
BG11704,BSU24500
BG11703,BSU24510
BG11702,BSU24520
BG11701,BSU24530
BG11700,BSU24540
BG11511,BSU24550
BG11510,BSU24560
BG11509,BSU24570
BG11699,BSU24580
BG11698,BSU24590
BG10753,BSU24600
BG10754,BSU24610
BG11697,BSU24620
BG11696,BSU24630
BG11076,BSU24640
BG13773,BSU24650
BG13771,BSU24660
BG10489,BSU24670
BG10488,BSU24680
BG10487,BSU24690
BG10486,BSU24700
BG10485,BSU24710
BG10484,BSU24720
BG10483,BSU24730
BG11075,BSU24740
BG11695,BSU24750
BG11694,BSU24760
BG11693,BSU24770
BG11692,BSU24780
BG11691,BSU24790
BG11690,BSU24800
BG11689,BSU24810
BG11688,BSU24820
BG11687,BSU24830
BG11686,BSU24840
BG11685,BSU24850
BG11684,BSU24860
BG11683,BSU24870
BG11682,BSU24880
BG11681,BSU24890
BG14180,BSU24900
BG11680,BSU24910
BG11679,BSU24920
BG13770,BSU24930
BG13769,BSU24940
BG11379,BSU24950
BG11378,BSU24960
BG11377,BSU24970
BG11376,BSU24980
BG11375,BSU24990
BG11678,BSU25000
BG11677,BSU25010
BG11676,BSU25020
BG11675,BSU25030
BG11674,BSU25040
BG11673,BSU25050
BG11672,BSU25060
BG11671,BSU25070
BG11670,BSU25080
BG11669,BSU25090
BG11668,BSU25100
BG11667,BSU25110
BG11666,BSU25120
BG11665,BSU25130
BG11664,BSU25140
BG11663,BSU25150
BG11662,BSU25160
BG11661,BSU25170
BG11660,BSU25180
BG10315,BSU25190
BG10314,BSU25200
BG10313,BSU25210
BG14178,BSU25220
BG10312,BSU25230
BG11659,BSU25240
BG13768,BSU25250
BG11658,BSU25260
BG11657,BSU25270
BG11189,BSU25280
,BSU25289
BG11188,BSU25290
BG10477,BSU25300
BG11040,BSU25310
BG11656,BSU25320
BG11655,BSU25330
BG11337,BSU25340
BG11654,BSU25350
BG11653,BSU25360
BG11652,BSU25370
BG11651,BSU25380
BG11650,BSU25390
BG11649,BSU25400
BG11648,BSU25410
BG11647,BSU25420
BG11646,BSU25430
BG11645,BSU25440
BG11644,BSU25450
BG10665,BSU25460
BG10664,BSU25470
BG10663,BSU25480
BG10662,BSU25490
BG11395,BSU25500
BG10441,BSU25510
BG10440,BSU25520
BG10439,BSU25530
BG10438,BSU25540
BG11643,BSU25550
BG11642,BSU25560
,BSU25565
,BSU25569
BG10482,BSU25570
BG10481,BSU25580
BG10480,BSU25590
BG10479,BSU25600
BG11641,BSU25610
BG11640,BSU25620
BG11639,BSU25630
BG11638,BSU25640
BG11637,BSU25650
BG11522,BSU25660
BG11636,BSU25670
BG11635,BSU25680
BG14183,BSU25690
BG11634,BSU25700
BG11633,BSU25710
BG11632,BSU25720
BG11631,BSU25730
BG11630,BSU25740
BG11237,BSU25750
BG10459,BSU25760
BG10458,BSU25770
BG11304,BSU25780
BG11303,BSU25790
BG11302,BSU25800
BG11301,BSU25810
BG11300,BSU25820
BG11299,BSU25830
BG11521,BSU25840
BG13775,BSU25850
BG11298,BSU25860
BG11297,BSU25870
,BSU25875
BG10507,BSU25880
BG10506,BSU25890
BG10505,BSU25900
BG10504,BSU25910
BG11069,BSU25920
BG11296,BSU25930
BG11295,BSU25940
BG11294,BSU25950
BG11293,BSU25960
BG11292,BSU25970
BG11291,BSU25980
BG11290,BSU25990
BG11289,BSU26000
BG11288,BSU26010
BG11287,BSU26020
BG11286,BSU26030
,BSU26039
BG11285,BSU26040
BG11512,BSU26050
,BSU26055
BG11284,BSU26060
BG11282,BSU26075
,BSU26089
BG11281,BSU26090
BG11280,BSU26100
BG11279,BSU26110
BG11278,BSU26120
BG11277,BSU26130
BG11276,BSU26140
BG11275,BSU26150
BG11274,BSU26160
BG11273,BSU26170
BG11272,BSU26180
BG11271,BSU26190
BG11270,BSU26200
BG11269,BSU26210
BG11268,BSU26220
BG11267,BSU26230
BG11266,BSU26240
BG11265,BSU26250
,BSU26259
BG11264,BSU26260
BG11263,BSU26270
BG11262,BSU26280
BG11261,BSU26290
BG11260,BSU26300
,BSU26305
BG11259,BSU26310
BG11258,BSU26320
BG11508,BSU26330
BG11257,BSU26340
BG11256,BSU26350
BG11255,BSU26360
BG11254,BSU26370
BG11253,BSU26380
BG10919,BSU26390
,BSU26399
BG11785,BSU26400
BG11784,BSU26410
BG11783,BSU26420
BG11782,BSU26430
BG11781,BSU26440
,BSU26449
BG11780,BSU26450
BG11778,BSU26470
BG11777,BSU26480
BG11776,BSU26490
BG11775,BSU26500
BG11774,BSU26510
BG11772,BSU26530
BG11771,BSU26540
BG11770,BSU26550
,BSU26558
,BSU26559
BG11769,BSU26560
,BSU26569
BG11768,BSU26570
BG10904,BSU26580
BG10905,BSU26590
BG10906,BSU26600
BG11767,BSU26610
,BSU26619
BG12289,BSU26620
BG12288,BSU26630
BG11980,BSU26640
BG11931,BSU26650
BG12287,BSU26660
BG11942,BSU26670
BG12286,BSU26680
BG11918,BSU26690
BG11916,BSU26700
BG11915,BSU26710
BG11914,BSU26720
BG12285,BSU26730
BG11929,BSU26740
,BSU26748
,BSU26749
BG12284,BSU26750
BG12283,BSU26760
BG12282,BSU26770
BG12281,BSU26780
BG11037,BSU26790
BG12305,BSU26800
BG12306,BSU26810
BG12307,BSU26820
,BSU26826
,BSU26827
,BSU26829
BG12308,BSU26830
BG11976,BSU26840
BG12309,BSU26850
BG12279,BSU26860
BG12278,BSU26870
BG12277,BSU26880
BG11923,BSU26890
BG12276,BSU26900
BG12275,BSU26910
BG12274,BSU26920
BG12273,BSU26930
,BSU26935
BG12272,BSU26940
BG12271,BSU26950
BG12270,BSU26960
BG11902,BSU26970
BG13780,BSU26980
BG13779,BSU26990
BG13777,BSU27000
,BSU27009
BG12562,BSU27010
BG13776,BSU27020
BG10320,BSU27030
,BSU27035
BG10319,BSU27040
BG10318,BSU27050
BG10317,BSU27060
BG10316,BSU27070
BG10677,BSU27080
,BSU27085
BG12556,BSU27090
BG12304,BSU27100
BG12303,BSU27110
BG11974,BSU27120
BG12302,BSU27130
BG12301,BSU27140
BG12300,BSU27150
BG12299,BSU27160
BG12298,BSU27170
BG12297,BSU27180
,BSU27185
BG13819,BSU27190
BG12296,BSU27200
BG12295,BSU27210
BG12294,BSU27220
BG12293,BSU27230
BG12292,BSU27240
BG12291,BSU27250
BG12290,BSU27260
BG13800,BSU27270
BG13799,BSU27280
BG13811,BSU27290
BG13798,BSU27300
BG13797,BSU27310
BG19019,BSU27320
BG12696,BSU27330
BG13796,BSU27340
BG13795,BSU27350
BG13794,BSU27360
BG13793,BSU27370
BG13812,BSU27380
BG13792,BSU27390
BG14184,BSU27400
BG12563,BSU27410
BG13791,BSU27420
BG11485,BSU27430
BG11486,BSU27440
BG11487,BSU27450
BG11488,BSU27460
,BSU27468
,BSU27469
BG13790,BSU27470
BG13789,BSU27480
BG13788,BSU27490
BG13787,BSU27500
BG13809,BSU27510
BG13813,BSU27520
BG13808,BSU27530
BG13807,BSU27540
BG12572,BSU27550
BG12605,BSU27560
BG13820,BSU27570
BG13806,BSU27580
BG13805,BSU27590
BG12665,BSU27600
BG12568,BSU27610
BG13804,BSU27620
BG13803,BSU27630
BG13802,BSU27640
BG12672,BSU27650
BG13814,BSU27660
BG10778,BSU27670
BG13786,BSU27680
BG13815,BSU27690
BG13785,BSU27700
BG12686,BSU27710
BG12662,BSU27720
,BSU27729
BG12669,BSU27730
BG11973,BSU27740
BG11917,BSU27750
BG11922,BSU27760
BG12280,BSU27770
BG13816,BSU27785
,BSU27786
BG13818,BSU27800
,BSU27809
BG13784,BSU27810
BG13783,BSU27820
BG13782,BSU27830
BG13781,BSU27840
BG12629,BSU27850
BG10868,BSU27860
BG10867,BSU27870
BG10866,BSU27880
BG10865,BSU27890
BG10914,BSU27900
BG10913,BSU27910
BG10337,BSU27920
BG10336,BSU27930
,BSU27935
BG10335,BSU27940
BG10334,BSU27950
BG10333,BSU27960
BG10332,BSU27970
BG10331,BSU27980
BG10330,BSU27990
BG10329,BSU28000
BG10328,BSU28010
BG10327,BSU28020
BG10326,BSU28030
BG10325,BSU28040
BG10324,BSU28050
BG10912,BSU28060
BG10323,BSU28070
BG10322,BSU28080
BG10321,BSU28090
,BSU28099
BG10347,BSU28100
BG10346,BSU28110
BG10345,BSU28120
BG10344,BSU28130
BG10343,BSU28140
BG10342,BSU28150
BG10341,BSU28160
BG10340,BSU28170
BG11068,BSU28180
BG10339,BSU28190
BG10338,BSU28200
BG11077,BSU28210
BG11387,BSU28220
BG19023,BSU28230
BG12338,BSU28240
BG11950,BSU28250
BG11949,BSU28260
BG10675,BSU28270
BG11948,BSU28280
BG10672,BSU28290
BG10671,BSU28300
BG10670,BSU28310
BG12335,BSU28320
BG12336,BSU28330
BG12337,BSU28340
BG12334,BSU28350
BG12333,BSU28360
BG10357,BSU28370
BG10356,BSU28380
BG11964,BSU28390
BG12332,BSU28400
BG10355,BSU28410
BG10354,BSU28420
BG10353,BSU28430
BG10352,BSU28440
BG10351,BSU28450
BG11236,BSU28460
BG10350,BSU28470
,BSU28475
BG10349,BSU28490
BG10348,BSU28500
,BSU28509
BG11985,BSU28510
BG11934,BSU28520
BG11935,BSU28530
BG12331,BSU28540
BG12330,BSU28550
BG11946,BSU28560
BG12329,BSU28570
BG12328,BSU28580
BG12327,BSU28590
BG12326,BSU28600
BG12325,BSU28610
BG12324,BSU28620
BG10875,BSU28630
BG10874,BSU28640
,BSU28645
BG12323,BSU28650
BG12318,BSU28660
BG12319,BSU28670
BG12320,BSU28680
BG12321,BSU28690
BG12322,BSU28700
,BSU28709
BG11924,BSU28710
BG11900,BSU28720
BG11912,BSU28730
BG11911,BSU28740
BG11910,BSU28750
BG11909,BSU28760
BG11908,BSU28770
BG11906,BSU28780
BG11905,BSU28790
BG11904,BSU28800
BG11901,BSU28810
BG12317,BSU28820
BG12316,BSU28830
BG12315,BSU28840
BG11971,BSU28850
BG11972,BSU28860
BG11944,BSU28870
BG12314,BSU28890
BG12312,BSU28900
BG12311,BSU28910
BG11953,BSU28920
BG11952,BSU28930
BG12310,BSU28940
BG10362,BSU28950
BG10361,BSU28960
BG10360,BSU28970
BG10359,BSU28980
BG10358,BSU28990
BG13833,BSU29000
BG13832,BSU29010
BG12592,BSU29020
BG13831,BSU29030
BG13825,BSU29040
BG13826,BSU29050
BG13824,BSU29060
BG13823,BSU29070
BG12628,BSU29080
BG12656,BSU29090
BG10364,BSU29100
BG10363,BSU29110
BG11386,BSU29120
BG10856,BSU29130
BG10855,BSU29140
BG13933,BSU29150
BG13930,BSU29160
BG13935,BSU29170
BG12661,BSU29180
BG12644,BSU29190
BG12557,BSU29200
BG13926,BSU29210
BG13922,BSU29220
BG12583,BSU29230
,BSU29239
BG13917,BSU29240
,BSU29249
BG13910,BSU29250
BG13902,BSU29260
BG13897,BSU29270
BG13894,BSU29280
BG12596,BSU29290
BG11969,BSU29300
BG13893,BSU29310
BG13892,BSU29320
BG13888,BSU29330
BG12604,BSU29340
BG13887,BSU29350
BG13886,BSU29360
BG13885,BSU29370
BG13884,BSU29380
BG13883,BSU29390
BG13877,BSU29400
BG13871,BSU29410
BG13870,BSU29420
BG13938,BSU29430
BG12571,BSU29440
BG12570,BSU29450
BG12618,BSU29460
BG10813,BSU29470
,BSU29479
BG10812,BSU29480
BG13855,BSU29490
BG13849,BSU29500
BG13848,BSU29510
BG13840,BSU29520
BG13839,BSU29530
BG13837,BSU29540
BG13835,BSU29550
BG13834,BSU29560
BG10786,BSU29570
BG13827,BSU29580
BG12632,BSU29590
BG12573,BSU29600
BG13934,BSU29610
BG13931,BSU29620
BG13927,BSU29630
BG13923,BSU29640
BG13918,BSU29650
BG10372,BSU29660
BG10371,BSU29670
,BSU29679
BG10370,BSU29680
BG10369,BSU29690
BG10368,BSU29700
BG10367,BSU29710
BG10366,BSU29720
BG10365,BSU29730
BG10376,BSU29740
BG10375,BSU29750
BG10373,BSU29760
BG10975,BSU29770
BG10974,BSU29780
BG10973,BSU29790
BG13906,BSU29805
BG13905,BSU29820
BG13904,BSU29830
BG13903,BSU29840
,BSU29845
BG13899,BSU29850
BG13898,BSU29860
BG13936,BSU29870
BG12614,BSU29880
BG13895,BSU29890
BG13890,BSU29900
BG13942,BSU29910
BG13889,BSU29920
BG12566,BSU29930
BG13880,BSU29940
BG13879,BSU29950
BG13878,BSU29960
BG13872,BSU29970
BG13867,BSU29980
BG13864,BSU29990
BG13861,BSU30000
BG13860,BSU30010
BG13939,BSU30020
BG13941,BSU30035
BG13856,BSU30050
BG13850,BSU30060
BG11958,BSU30070
BG12339,BSU30080
BG13846,BSU30090
BG13845,BSU30100
BG13844,BSU30110
BG13843,BSU30120
BG13841,BSU30135
BG13838,BSU30150
BG13836,BSU30160
BG11788,BSU30170
BG11787,BSU30180
BG11528,BSU30190
BG11525,BSU30200
BG11526,BSU30210
BG11527,BSU30220
BG11524,BSU30230
BG11529,BSU30240
BG11786,BSU30250
BG12626,BSU30260
BG12625,BSU30270
BG12565,BSU30280
BG12564,BSU30290
BG12615,BSU30300
BG13932,BSU30310
BG10676,BSU30320
BG13929,BSU30330
BG13928,BSU30340
BG13925,BSU30350
BG13924,BSU30360
BG13921,BSU30370
BG13920,BSU30380
BG13919,BSU30390
BG12340,BSU30400
BG13916,BSU30410
BG13915,BSU30420
BG13914,BSU30430
BG13913,BSU30440
BG13912,BSU30450
BG13911,BSU30460
,BSU30466
BG13937,BSU30470
BG13908,BSU30480
BG13909,BSU30490
BG13901,BSU30500
BG13900,BSU30510
BG13896,BSU30520
BG13891,BSU30530
BG11831,BSU30540
BG11840,BSU30550
BG11841,BSU30560
BG13882,BSU30570
BG13881,BSU30580
BG13873,BSU30595
BG13875,BSU30610
BG13876,BSU30620
BG13869,BSU30630
BG13868,BSU30640
BG12584,BSU30650
,BSU30659
BG11027,BSU30660
BG13866,BSU30670
BG13865,BSU30680
BG13863,BSU30690
BG13862,BSU30700
BG13857,BSU30710
BG13858,BSU30720
,BSU30739
BG13854,BSU30740
BG13853,BSU30750
BG13852,BSU30760
BG13851,BSU30770
BG13847,BSU30780
BG10687,BSU30790
BG10686,BSU30800
BG10685,BSU30810
BG10683,BSU30820
BG10682,BSU30830
BG11200,BSU30840
BG11199,BSU30850
BG13828,BSU30860
BG13829,BSU30870
BG13830,BSU30880
BG11382,BSU30890
BG11380,BSU30900
BG11381,BSU30910
BG13821,BSU30920
BG13822,BSU30930
BG10911,BSU30940
BG10910,BSU30950
BG10909,BSU30960
BG10908,BSU30970
BG10907,BSU30980
BG13949,BSU30990
BG13948,BSU31000
BG13947,BSU31010
BG13946,BSU31020
BG13945,BSU31030
BG13944,BSU31040
BG11941,BSU31050
BG11940,BSU31060
BG12342,BSU31070
BG12341,BSU31080
BG13943,BSU31090
BG13956,BSU31100
BG13955,BSU31110
BG13954,BSU31120
BG13953,BSU31130
BG13952,BSU31140
BG13951,BSU31150
BG13950,BSU31160
BG12388,BSU31170
BG12387,BSU31180
BG12386,BSU31190
BG12385,BSU31200
BG12384,BSU31210
BG10947,BSU31220
BG10862,BSU31230
BG10861,BSU31240
BG10860,BSU31250
BG10859,BSU31260
BG10946,BSU31270
,BSU31279
BG12373,BSU31280
,BSU31289
BG12372,BSU31290
BG12371,BSU31300
BG12370,BSU31310
,BSU31319
,BSU31321
BG12369,BSU31322
BG12368,BSU31330
BG12367,BSU31340
BG12366,BSU31350
BG12365,BSU31360
BG12364,BSU31370
BG14050,BSU31380
BG12363,BSU31390
BG12362,BSU31400
BG12361,BSU31410
BG12360,BSU31420
BG12359,BSU31430
BG10744,BSU31440
BG10745,BSU31450
BG10746,BSU31460
BG12358,BSU31470
BG10976,BSU31480
BG10977,BSU31490
BG10978,BSU31500
BG12346,BSU31510
BG12347,BSU31520
BG12348,BSU31530
BG12349,BSU31540
BG12350,BSU31550
BG12351,BSU31560
BG12352,BSU31570
BG12353,BSU31580
BG12354,BSU31590
BG12355,BSU31600
BG12356,BSU31610
BG12357,BSU31620
BG12345,BSU31630
BG14181,BSU31640
BG12344,BSU31650
BG12343,BSU31660
BG10382,BSU31670
BG10381,BSU31680
BG10380,BSU31690
BG11324,BSU31700
BG10379,BSU31710
BG10378,BSU31720
,BSU31725
BG14052,BSU31730
BG10377,BSU31740
BG13966,BSU31750
BG13965,BSU31760
BG13964,BSU31770
BG13963,BSU31780
BG13962,BSU31790
BG13961,BSU31800
BG14054,BSU31810
BG14055,BSU31820
BG13960,BSU31830
BG13959,BSU31840
BG13958,BSU31850
BG13957,BSU31860
BG12375,BSU31875
BG12376,BSU31890
BG12377,BSU31900
BG12378,BSU31910
BG12379,BSU31920
BG10468,BSU31930
BG12380,BSU31945
,BSU31959
BG11243,BSU31960
BG11241,BSU31970
BG11020,BSU31980
BG11242,BSU31990
BG11019,BSU32000
BG13974,BSU32010
BG13973,BSU32020
BG13972,BSU32030
BG13971,BSU32040
BG13970,BSU32050
BG13969,BSU32060
BG13968,BSU32070
BG13967,BSU32080
BG12389,BSU32090
BG12390,BSU32100
BG12391,BSU32110
BG14056,BSU32120
BG12392,BSU32130
BG10696,BSU32140
BG10695,BSU32150
BG14049,BSU32160
BG14048,BSU32170
BG14047,BSU32180
BG14051,BSU32190
BG14046,BSU32200
BG14053,BSU32210
BG14045,BSU32220
BG10463,BSU32230
BG10462,BSU32240
BG10461,BSU32250
BG10460,BSU32260
BG14044,BSU32270
BG14043,BSU32280
BG14042,BSU32290
BG14041,BSU32300
BG14040,BSU32310
BG14039,BSU32320
BG14038,BSU32330
BG13975,BSU32340
BG13976,BSU32350
BG13977,BSU32360
BG13978,BSU32370
BG13979,BSU32380
BG13980,BSU32390
BG13981,BSU32400
BG13982,BSU32410
BG13983,BSU32420
BG13984,BSU32430
BG13985,BSU32440
BG13986,BSU32450
BG13987,BSU32460
,BSU32469
BG13988,BSU32470
BG13989,BSU32480
BG13990,BSU32490
BG13991,BSU32500
BG13992,BSU32510
BG13993,BSU32520
BG13994,BSU32530
,BSU32539
BG13995,BSU32540
BG13996,BSU32550
BG13997,BSU32560
BG13998,BSU32570
BG13999,BSU32580
BG14000,BSU32590
BG14001,BSU32600
BG14002,BSU32610
BG14003,BSU32620
BG14004,BSU32630
BG14173,BSU32640
BG14005,BSU32650
BG14006,BSU32660
,BSU32669
BG14007,BSU32670
BG14008,BSU32680
BG14009,BSU32690
BG14010,BSU32700
BG14011,BSU32710
,BSU32719
BG14012,BSU32720
BG14013,BSU32730
BG14014,BSU32740
BG14015,BSU32750
BG14016,BSU32760
BG14017,BSU32770
BG14018,BSU32780
BG14019,BSU32790
BG14020,BSU32800
BG14021,BSU32810
BG14022,BSU32820
BG14023,BSU32830
BG14024,BSU32840
,BSU32849
BG14025,BSU32850
,BSU32859
BG14026,BSU32860
BG14027,BSU32870
BG14028,BSU32880
BG14029,BSU32890
BG14030,BSU32900
BG14031,BSU32910
BG14032,BSU32920
BG14033,BSU32930
BG14034,BSU32940
BG14035,BSU32950
BG14036,BSU32960
BG14037,BSU32970
BG10863,BSU32980
BG10864,BSU32990
BG14155,BSU33000
BG14131,BSU33010
BG14132,BSU33020
,BSU33029
BG11072,BSU33030
BG10384,BSU33040
,BSU33049
BG10385,BSU33050
BG10386,BSU33060
BG10387,BSU33070
BG14133,BSU33080
BG14134,BSU33090
BG14135,BSU33100
BG14136,BSU33110
BG14137,BSU33120
BG14138,BSU33130
BG14139,BSU33140
BG14140,BSU33150
BG14141,BSU33160
BG14142,BSU33170
BG14143,BSU33180
BG14144,BSU33190
BG14145,BSU33200
BG14146,BSU33210
,BSU33221
,BSU33222
BG14147,BSU33230
,BSU33239
BG14148,BSU33240
BG14149,BSU33250
BG11368,BSU33260
BG14151,BSU33270
BG14152,BSU33280
BG11390,BSU33290
BG11391,BSU33300
BG11389,BSU33310
BG10828,BSU33320
BG14154,BSU33330
BG14174,BSU33340
BG14153,BSU33350
BG14092,BSU33360
BG14093,BSU33370
BG14094,BSU33380
BG14095,BSU33390
BG14096,BSU33400
BG14097,BSU33410
BG14098,BSU33420
BG14100,BSU33430
BG14099,BSU33440
BG14101,BSU33450
BG14102,BSU33460
BG14103,BSU33470
BG14104,BSU33480
BG14105,BSU33490
BG14106,BSU33500
BG14107,BSU33510
BG14108,BSU33520
BG14057,BSU33530
BG14058,BSU33540
BG14059,BSU33550
BG14060,BSU33560
BG14061,BSU33570
BG14062,BSU33580
BG14063,BSU33590
BG14064,BSU33600
BG14065,BSU33610
BG14066,BSU33620
BG14067,BSU33630
BG14068,BSU33640
BG14159,BSU33650
BG14069,BSU33660
BG14070,BSU33670
BG14071,BSU33680
BG14072,BSU33690
BG12636,BSU33700
BG12635,BSU33710
BG12634,BSU33720
BG12633,BSU33730
BG14073,BSU33740
BG14074,BSU33750
BG14075,BSU33760
BG14076,BSU33770
BG14077,BSU33780
BG14078,BSU33790
BG12640,BSU33800
BG12639,BSU33810
BG12638,BSU33820
BG12637,BSU33830
BG14079,BSU33840
BG14080,BSU33850
BG14081,BSU33860
BG14082,BSU33870
BG14083,BSU33880
BG14084,BSU33890
BG10899,BSU33900
BG10898,BSU33910
BG10897,BSU33920
BG11062,BSU33930
BG10827,BSU33940
BG14085,BSU33950
BG11907,BSU33960
BG11913,BSU33970
BG14086,BSU33980
BG14087,BSU33990
BG14088,BSU34000
BG14089,BSU34010
BG14090,BSU34020
BG14091,BSU34030
BG12448,BSU34040
BG12447,BSU34050
BG12446,BSU34060
BG12445,BSU34070
BG12444,BSU34080
BG12443,BSU34090
BG12442,BSU34100
BG12441,BSU34110
BG12440,BSU34120
BG12439,BSU34130
BG12438,BSU34140
BG12437,BSU34150
BG12436,BSU34160
BG12435,BSU34170
BG12434,BSU34180
BG11875,BSU34190
BG10748,BSU34200
BG11876,BSU34210
BG11874,BSU34220
BG11873,BSU34230
BG11872,BSU34240
BG11871,BSU34250
BG11870,BSU34265
BG11868,BSU34280
BG11867,BSU34290
BG11866,BSU34300
BG11865,BSU34310
BG11864,BSU34320
BG11863,BSU34330
BG11862,BSU34340
BG11861,BSU34350
BG11860,BSU34360
BG11859,BSU34370
BG11858,BSU34380
BG11844,BSU34390
,BSU34399
BG12433,BSU34400
BG12432,BSU34410
BG12431,BSU34420
BG10391,BSU34430
BG10390,BSU34440
BG10388,BSU34450
BG12430,BSU34460
BG12429,BSU34470
BG12428,BSU34480
BG12427,BSU34490
BG12426,BSU34500
BG12425,BSU34510
BG12424,BSU34520
BG12423,BSU34530
BG19016,BSU34540
BG12422,BSU34550
BG12421,BSU34560
BG12420,BSU34570
BG12419,BSU34580
BG12418,BSU34590
BG12417,BSU34600
BG12416,BSU34610
BG12415,BSU34620
BG12414,BSU34630
BG12413,BSU34640
BG12412,BSU34650
BG12411,BSU34660
BG12410,BSU34670
BG12409,BSU34680
BG12408,BSU34690
BG12407,BSU34700
BG12406,BSU34710
BG12405,BSU34720
,BSU34729
BG12404,BSU34730
BG12403,BSU34740
BG12402,BSU34750
BG12401,BSU34760
BG12400,BSU34770
BG12399,BSU34780
BG12398,BSU34790
BG11023,BSU34800
BG12396,BSU34810
BG12395,BSU34820
BG14157,BSU34830
BG12394,BSU34840
BG12393,BSU34850
BG12603,BSU34860
BG12600,BSU34870
BG12597,BSU34880
BG12602,BSU34890
BG12598,BSU34900
BG12599,BSU34910
BG12601,BSU34920
BG12606,BSU34930
BG14130,BSU34940
BG14129,BSU34950
BG14128,BSU34960
BG14127,BSU34970
BG14126,BSU34980
BG12611,BSU34990
BG14125,BSU35000
BG12630,BSU35010
BG12631,BSU35020
BG14124,BSU35030
BG14123,BSU35040
BG14122,BSU35050
BG12580,BSU35060
BG14121,BSU35070
BG11018,BSU35080
BG14120,BSU35090
BG14119,BSU35100
BG14118,BSU35110
BG14117,BSU35120
BG14116,BSU35130
BG14115,BSU35140
BG14158,BSU35150
BG12697,BSU35160
BG10502,BSU35170
BG10501,BSU35180
BG14114,BSU35190
BG14113,BSU35200
BG14112,BSU35210
BG14111,BSU35220
BG14160,BSU35230
,BSU35239
BG14110,BSU35240
BG12591,BSU35250
BG12590,BSU35260
BG12574,BSU35270
BG14109,BSU35280
BG10742,BSU35290
BG10741,BSU35300
BG10740,BSU35310
,BSU35319
BG10923,BSU35320
BG10922,BSU35330
BG10921,BSU35340
BG10920,BSU35350
BG10655,BSU35360
BG10654,BSU35370
BG12451,BSU35380
BG12450,BSU35390
BG11936,BSU35400
BG10401,BSU35410
BG10400,BSU35420
BG10399,BSU35430
BG10398,BSU35440
BG10397,BSU35450
BG10396,BSU35460
BG10395,BSU35470
BG10394,BSU35480
BG10393,BSU35490
BG10392,BSU35500
BG11052,BSU35510
BG12449,BSU35520
BG12684,BSU35530
BG12695,BSU35540
BG12694,BSU35550
BG12693,BSU35560
BG12692,BSU35570
BG12691,BSU35580
BG12690,BSU35590
BG12689,BSU35600
BG12688,BSU35609
BG12688,BSU35610
BG10407,BSU35620
BG10406,BSU35630
BG10405,BSU35640
BG10404,BSU35650
BG10403,BSU35660
BG10402,BSU35670
,BSU35678
,BSU35679
BG11192,BSU35680
BG11367,BSU35690
,BSU35698
,BSU35699
BG11191,BSU35700
BG11205,BSU35710
BG10725,BSU35720
BG10724,BSU35730
BG10449,BSU35740
BG10450,BSU35750
BG10451,BSU35760
BG10453,BSU35770
BG10455,BSU35780
BG10454,BSU35790
BG10640,BSU35800
BG10641,BSU35810
BG10642,BSU35820
BG12538,BSU35830
BG12537,BSU35840
BG12536,BSU35850
BG12535,BSU35860
BG12534,BSU35870
BG12533,BSU35880
BG12532,BSU35890
BG12531,BSU35900
BG10876,BSU35910
BG10877,BSU35920
BG10878,BSU35930
BG10879,BSU35940
BG10880,BSU35950
BG10881,BSU35960
BG12530,BSU35970
BG12529,BSU35980
BG12528,BSU35990
BG10472,BSU36000
BG10471,BSU36010
BG10470,BSU36020
BG12527,BSU36030
BG12526,BSU36040
BG10491,BSU36050
BG11791,BSU36060
BG11017,BSU36070
,BSU36079
BG12525,BSU36080
BG12524,BSU36090
BG12523,BSU36100
BG12522,BSU36110
BG12521,BSU36120
BG12520,BSU36130
BG12519,BSU36140
BG12518,BSU36150
BG12517,BSU36160
BG12516,BSU36170
BG12515,BSU36180
BG12514,BSU36190
BG12513,BSU36200
BG12512,BSU36210
,BSU36215
BG12511,BSU36220
BG12510,BSU36230
BG12509,BSU36240
BG12508,BSU36250
BG12507,BSU36260
,BSU36269
BG12506,BSU36270
BG12505,BSU36280
BG12504,BSU36290
BG12503,BSU36300
BG12502,BSU36310
BG12501,BSU36320
BG12500,BSU36330
BG12499,BSU36340
BG12498,BSU36350
BG12497,BSU36360
BG12496,BSU36370
BG11967,BSU36380
BG10918,BSU36390
BG10917,BSU36400
BG10916,BSU36410
BG10408,BSU36420
BG11984,BSU36430
BG12495,BSU36440
BG12494,BSU36450
BG12493,BSU36460
BG12492,BSU36470
BG12491,BSU36480
BG12490,BSU36490
,BSU36499
BG12489,BSU36500
BG10869,BSU36510
BG10870,BSU36520
BG12488,BSU36530
BG12487,BSU36540
BG11978,BSU36550
BG12486,BSU36560
BG12485,BSU36570
,BSU36575
BG12484,BSU36580
BG12483,BSU36590
BG12482,BSU36600
BG12481,BSU36610
BG12480,BSU36620
BG12479,BSU36630
BG11983,BSU36640
BG11982,BSU36650
BG11981,BSU36660
,BSU36668
,BSU36669
BG12478,BSU36670
BG12477,BSU36680
BG11965,BSU36690
BG10980,BSU36700
BG10979,BSU36710
BG12476,BSU36720
BG12475,BSU36730
,BSU36739
BG12474,BSU36740
BG10766,BSU36750
BG11955,BSU36760
BG12473,BSU36770
BG14163,BSU36780
BG12472,BSU36790
BG10822,BSU36800
BG10821,BSU36810
BG10820,BSU36820
BG10819,BSU36830
BG10818,BSU36840
BG10817,BSU36850
BG10816,BSU36860
BG10815,BSU36870
BG10814,BSU36880
BG10945,BSU36890
BG10944,BSU36900
BG10943,BSU36910
BG10942,BSU36920
BG10941,BSU36930
BG10940,BSU36940
BG10939,BSU36950
BG10938,BSU36960
BG10937,BSU36970
BG10936,BSU36980
BG11317,BSU36990
BG11316,BSU37000
BG11244,BSU37010
BG11315,BSU37020
BG11314,BSU37030
BG11313,BSU37040
BG11312,BSU37050
BG10419,BSU37060
BG10417,BSU37070
BG10416,BSU37080
,BSU37089
BG10415,BSU37090
BG10414,BSU37100
BG10413,BSU37110
BG10412,BSU37120
BG10411,BSU37130
BG11053,BSU37140
BG10410,BSU37150
BG10409,BSU37160
BG11239,BSU37170
BG11311,BSU37180
BG11310,BSU37190
BG11309,BSU37200
BG11308,BSU37210
BG11307,BSU37220
BG11306,BSU37230
BG11305,BSU37240
BG11084,BSU37250
BG11083,BSU37260
BG11082,BSU37270
BG11081,BSU37280
BG11345,BSU37290
BG11344,BSU37300
BG11343,BSU37310
BG11342,BSU37320
BG11341,BSU37330
BG14161,BSU37340
BG12671,BSU37350
BG14182,BSU37360
BG12471,BSU37370
BG12470,BSU37380
BG12469,BSU37390
BG12468,BSU37400
BG12467,BSU37410
BG12466,BSU37420
BG12465,BSU37430
BG12464,BSU37440
BG12463,BSU37450
BG11968,BSU37460
BG11960,BSU37470
BG12462,BSU37480
BG12461,BSU37490
BG12460,BSU37500
BG12459,BSU37510
BG12458,BSU37520
BG12457,BSU37530
BG12456,BSU37540
BG12455,BSU37550
BG10421,BSU37560
,BSU37569
BG10420,BSU37570
BG12454,BSU37580
BG12453,BSU37590
BG10639,BSU37600
BG14164,BSU37610
BG10638,BSU37620
BG10637,BSU37630
BG10636,BSU37640
BG10635,BSU37650
BG10634,BSU37660
BG10633,BSU37670
BG10632,BSU37680
BG10631,BSU37690
BG10630,BSU37700
BG10629,BSU37710
BG10628,BSU37720
BG10627,BSU37730
BG10626,BSU37740
BG10625,BSU37750
BG10624,BSU37760
BG10623,BSU37770
BG10622,BSU37780
BG10621,BSU37790
BG10620,BSU37800
BG14195,BSU37810
BG10619,BSU37820
BG10618,BSU37830
BG10617,BSU37840
BG10615,BSU37850
BG10614,BSU37860
BG10613,BSU37870
BG10612,BSU37880
BG10611,BSU37890
BG10610,BSU37900
BG10609,BSU37910
BG10608,BSU37920
BG10607,BSU37930
BG10606,BSU37940
BG10605,BSU37950
BG10604,BSU37960
BG10603,BSU37970
BG10602,BSU37980
BG10601,BSU37990
BG10600,BSU38000
,BSU38018
BG10598,BSU38020
BG10597,BSU38030
BG10596,BSU38040
BG10595,BSU38050
BG10594,BSU38060
BG10593,BSU38070
BG10592,BSU38080
BG10591,BSU38090
BG10590,BSU38100
BG10589,BSU38110
BG10588,BSU38120
BG10587,BSU38130
BG10586,BSU38140
BG10585,BSU38150
BG10584,BSU38160
BG10583,BSU38170
BG14162,BSU38180
BG10582,BSU38190
BG10581,BSU38200
BG10580,BSU38210
BG10579,BSU38220
,BSU38229
BG10578,BSU38230
BG10577,BSU38240
BG10576,BSU38250
BG10575,BSU38260
BG10574,BSU38270
BG10573,BSU38280
BG10572,BSU38290
BG10571,BSU38300
BG10570,BSU38310
BG10569,BSU38320
BG10568,BSU38330
BG10567,BSU38340
BG10566,BSU38350
BG10565,BSU38360
BG10564,BSU38370
BG10563,BSU38380
BG10562,BSU38390
BG10561,BSU38400
BG10560,BSU38410
BG10559,BSU38420
BG10558,BSU38430
BG10557,BSU38440
BG10556,BSU38450
BG10555,BSU38460
BG10554,BSU38470
BG10553,BSU38480
BG10552,BSU38490
,BSU38495
,BSU38499
BG10551,BSU38500
BG10550,BSU38510
BG10549,BSU38520
BG10548,BSU38530
BG10547,BSU38540
BG10546,BSU38550
BG11350,BSU38560
BG11349,BSU38570
BG11348,BSU38580
BG11347,BSU38590
BG11346,BSU38600
BG14169,BSU38610
BG12555,BSU38620
BG11945,BSU38630
BG12554,BSU38640
BG12553,BSU38650
BG12552,BSU38660
BG12551,BSU38670
BG12550,BSU38680
BG12549,BSU38690
BG11975,BSU38700
BG12548,BSU38710
BG12547,BSU38720
BG11928,BSU38730
BG11927,BSU38740
BG11926,BSU38750
BG11925,BSU38760
BG12546,BSU38770
BG12545,BSU38780
BG14168,BSU38790
BG12544,BSU38800
BG11954,BSU38810
BG12543,BSU38820
BG11903,BSU38830
BG12542,BSU38840
BG12541,BSU38850
BG11837,BSU38860
BG11899,BSU38870
BG11898,BSU38880
BG11897,BSU38890
BG11896,BSU38900
BG11895,BSU38910
BG11842,BSU38920
BG12540,BSU38930
BG12539,BSU38940
BG11157,BSU38950
BG11156,BSU38960
BG11155,BSU38970
BG11154,BSU38980
BG11153,BSU38990
BG11152,BSU39000
BG11151,BSU39010
BG11150,BSU39020
,BSU39029
BG11149,BSU39030
BG11148,BSU39040
BG11102,BSU39050
BG11146,BSU39060
BG10476,BSU39070
BG10474,BSU39080
BG11145,BSU39090
BG11144,BSU39100
BG11143,BSU39110
BG11142,BSU39120
,BSU39129
,BSU39139
BG11140,BSU39140
BG11139,BSU39150
BG11138,BSU39160
BG14170,BSU39170
BG11137,BSU39180
BG11136,BSU39190
BG14167,BSU39200
BG11135,BSU39210
BG10798,BSU39220
BG10797,BSU39230
BG10796,BSU39240
BG11134,BSU39250
BG10935,BSU39260
BG10934,BSU39270
BG11071,BSU39280
BG11070,BSU39290
BG11133,BSU39300
BG11132,BSU39310
BG11131,BSU39320
BG11130,BSU39330
,BSU39339
BG10666,BSU39340
BG10667,BSU39350
BG10668,BSU39360
BG11100,BSU39370
BG11099,BSU39380
BG11101,BSU39390
BG10985,BSU39400
BG10984,BSU39410
BG10983,BSU39420
BG10982,BSU39430
BG10981,BSU39440
BG11894,BSU39450
BG11893,BSU39460
BG11892,BSU39470
BG11891,BSU39480
BG11890,BSU39490
BG11889,BSU39500
BG11888,BSU39510
BG11887,BSU39520
BG11886,BSU39530
BG11885,BSU39540
BG11884,BSU39550
BG11883,BSU39560
BG11882,BSU39570
BG11881,BSU39580
BG11880,BSU39590
BG11879,BSU39600
BG11878,BSU39610
BG11877,BSU39620
BG11129,BSU39630
BG11128,BSU39640
BG11127,BSU39650
BG11126,BSU39660
BG11125,BSU39670
BG11124,BSU39680
BG11123,BSU39690
BG10669,BSU39700
BG11122,BSU39710
BG11121,BSU39720
BG11120,BSU39730
BG11119,BSU39740
BG11118,BSU39750
BG11117,BSU39760
BG11364,BSU39770
BG11363,BSU39780
BG11362,BSU39790
BG11361,BSU39800
BG11360,BSU39810
BG11359,BSU39820
BG11358,BSU39830
BG11357,BSU39840
BG11356,BSU39850
BG11355,BSU39860
BG11354,BSU39870
BG11353,BSU39880
BG11352,BSU39890
BG11351,BSU39900
BG14166,BSU39910
BG11116,BSU39920
BG11115,BSU39930
BG11114,BSU39940
BG11112,BSU39950
BG11111,BSU39960
BG11110,BSU39970
BG11109,BSU39980
BG11108,BSU39990
BG14165,BSU40000
BG11106,BSU40010
,BSU40021
BG11105,BSU40022
BG11104,BSU40030
BG11103,BSU40040
BG10648,BSU40050
BG10649,BSU40060
BG10650,BSU40070
BG10651,BSU40080
BG11385,BSU40090
BG11204,BSU40100
BG11203,BSU40110
BG14172,BSU40120
BG11484,BSU40130
,BSU40139
BG11483,BSU40140
BG11482,BSU40150
BG11481,BSU40160
BG11480,BSU40170
BG11479,BSU40180
BG11478,BSU40190
BG11477,BSU40200
BG11476,BSU40210
BG11475,BSU40220
BG11474,BSU40230
,BSU40239
BG11472,BSU40240
BG11471,BSU40250
,BSU40259
BG11470,BSU40260
BG11469,BSU40270
BG11468,BSU40280
BG11467,BSU40290
BG11466,BSU40300
BG11465,BSU40310
BG10932,BSU40320
BG10933,BSU40330
BG10722,BSU40340
BG10723,BSU40350
,BSU40358
,BSU40359
BG11054,BSU40360
BG11464,BSU40370
BG11463,BSU40380
BG11462,BSU40390
BG11461,BSU40400
BG10001,BSU40410
BG10002,BSU40420
BG10003,BSU40430
BG10004,BSU40440
BG10005,BSU40450
BG14171,BSU40460
BG10006,BSU40470
BG10007,BSU40480
BG10008,BSU40490
BG10009,BSU40500
BG10010,BSU40510
BG10011,BSU40520
,BSU40529
BG10012,BSU40530
BG10013,BSU40540
BG10014,BSU40550
BG10015,BSU40560
BG10016,BSU40570
,BSU40573
,BSU40574
,BSU40576
,BSU40578
,BSU40579
BG10017,BSU40580
BG10018,BSU40590
BG10019,BSU40600
BG10020,BSU40610
BG10021,BSU40620
BG10022,BSU40630
BG10023,BSU40640
BG10024,BSU40650
BG10025,BSU40660
BG10026,BSU40670
BG10027,BSU40680
BG10028,BSU40690
BG10029,BSU40700
BG10030,BSU40710
BG10031,BSU40720
BG10032,BSU40730
BG10033,BSU40740
BG10034,BSU40750
BG10035,BSU40760
BG10036,BSU40770
BG11051,BSU40780
BG10037,BSU40790
BG10038,BSU40800
BG10039,BSU40810
BG10040,BSU40820
BG10041,BSU40830
BG10042,BSU40840
BG10043,BSU40850
BG10044,BSU40860
BG10045,BSU40870
BG10046,BSU40880
BG10047,BSU40890
BG10048,BSU40900
BG10049,BSU40910
BG10050,BSU40920
BG10051,BSU40930
,BSU40939
BG10052,BSU40940
BG10053,BSU40950
BG10054,BSU40960
BG10055,BSU40970
BG10056,BSU40980
BG10057,BSU40990
BG10058,BSU41000
BG10059,BSU41010
BG10060,BSU41020
BG10061,BSU41030
BG10062,BSU41040
BG10063,BSU41050
BG10064,BSU41060
