name,essential,genomic_annotation.locus_tag
bsrD,,
SR6,no,
nonA,,
rrcM,No,
dnaA,yes,BSU00010
dnaN,yes,BSU00020
yaaA,,BSU00030
recF,,BSU00040
remB,no,BSU00050
gyrB,yes,BSU00060
gyrA,yes,BSU00070
yaaC,no,BSU00080
guaB,no,BSU00090
dacA,no,BSU00100
pdxS,no,BSU00110
pdxT,no,BSU00120
serS,yes,BSU00130
dck,no,BSU00140
dgk,no,BSU00150
yaaH,no,BSU00160
yaaI,no,BSU00170
yaaJ,no,BSU00180
dnaX,yes,BSU00190
yaaK,no,BSU00200
recR,no,BSU00210
yaaL,no,BSU00220
bofA,no,BSU00230
csfB,no,BSU00240
xpaC,no,BSU00250
yaaN,no,BSU00260
yaaO,no,BSU00270
tmk,yes,BSU00280
darA,,BSU00290
yaaR,no,BSU00300
holB,yes,BSU00310
ricT,no,BSU00320
yabA,no,BSU00330
trmN6,no,BSU00340
yazA,no,BSU00350
yabC,no,BSU00360
abrB,no,BSU00370
metS,yes,BSU00380
yabD,no,BSU00390
yabE,no,BSU00400
rnmV,no,BSU00410
ksgA,no,BSU00420
yabG,no,BSU00430
veg,no,BSU00440
sspF,no,BSU00450
ispE,yes,BSU00460
purR,no,BSU00470
yabJ,no,BSU00480
spoVG,no,BSU00490
gcaD,yes,BSU00500
prs,yes,BSU00510
ctc,no,BSU00520
pth,yes,BSU00530
fin,no,BSU00540
mfd,no,BSU00550
spoVT,no,BSU00560
yabM,no,BSU00570
yabN,no,BSU00580
rqcP,no,BSU00590
yabP,no,BSU00600
shfA,no,BSU00610
divIC,yes,BSU00620
yabR,no,BSU00630
spoIIE,no,BSU00640
yabS,no,BSU00650
yabT,no,BSU00660
tilS,yes,BSU00670
hprT,no,BSU00680
ftsH,no,BSU00690
coaX,no,BSU00700
yacC,no,BSU00710
yacD,no,BSU00720
cysK,no,BSU00730
pabB,no,BSU00740
pabA,no,BSU00750
pabC,no,BSU00760
sul,yes,BSU00770
folB,yes,BSU00780
folK,yes,BSU00790
yazB,no,BSU00800
dusB1,no,BSU00810
lysS,yes,BSU00820
ctsR,no,BSU00830
mcsA,no,BSU00840
mcsB,no,BSU00850
clpC,no,BSU00860
radA,no,BSU00870
disA,no,BSU00880
yacL,no,BSU00890
ispD,yes,BSU00900
ispF,yes,BSU00910
gltX,yes,BSU00920
cysE,no,BSU00930
cysS,yes,BSU00940
mrnC,no,BSU00950
yacO,no,BSU00960
rae1,no,BSU00970
sigH,no,BSU00980
rpmGB,no,BSU00990
secE,yes,BSU01000
nusG,no,BSU01010
rplK,no,BSU01020
rplA,no,BSU01030
rplJ,yes,BSU01040
rplL,yes,BSU01050
ybxB,no,BSU01060
rpoB,yes,BSU01070
rpoC,yes,BSU01080
rplGB,no,BSU01090
rpsL,yes,BSU01100
rpsG,yes,BSU01110
fusA,yes,BSU01120
tufA,yes,BSU01130
ybaC,no,BSU01140
rpsJ,yes,BSU01150
rplC,yes,BSU01160
rplD,yes,BSU01170
rplW,no,BSU01180
rplB,yes,BSU01190
rpsS,yes,BSU01200
rplV,no,BSU01210
rpsC,yes,BSU01220
rplP,yes,BSU01230
rpmC,no,BSU01240
rpsQ,yes,BSU01250
rplN,yes,BSU01260
rplX,yes,BSU01270
rplE,yes,BSU01280
rpsN,yes,BSU01290
rpsH,yes,BSU01300
rplF,yes,BSU01310
rplR,yes,BSU01320
rpsE,yes,BSU01330
rpmD,yes,BSU01340
rplO,no,BSU01350
secY,yes,BSU01360
adk,yes,BSU01370
map,no,BSU01380
oapB,-,BSU01389
infA,yes,BSU01390
rpmJ,no,BSU01400
rpsM,yes,BSU01410
rpsK,yes,BSU01420
rpoA,yes,BSU01430
rplQ,yes,BSU01440
ecfA1,no,BSU01450
ecfA2,no,BSU01460
ecfT,no,BSU01470
truA,no,BSU01480
rplM,yes,BSU01490
rpsI,yes,BSU01500
ybaJ,no,BSU01510
ybaK,no,BSU01520
cwlD,no,BSU01530
salA,no,BSU01540
gerD,no,BSU01550
kbaA,no,BSU01560
pdaB,no,BSU01570
ybaR,no,BSU01580
ybaS,no,BSU01590
ybbA,no,BSU01600
feuC,no,BSU01610
feuB,no,BSU01620
feuA,no,BSU01630
btr,no,BSU01640
namZ,no,BSU01650
nagZ,no,BSU01660
amiE,no,BSU01670
murP,no,BSU01680
murR,no,BSU01690
murQ,no,BSU01700
ybbJ,no,BSU01710
ybbK,no,BSU01720
sigW,no,BSU01730
rsiW,no,BSU01740
cdaA,no,BSU01750
cdaR,no,BSU01760
glmM,yes,BSU01770
glmS,yes,BSU01780
ybbU,,BSU01790
alkA,no,BSU01800
adaA,no,BSU01810
adaB,no,BSU01820
ndhF,no,BSU01830
ybcC,no,BSU01845
ybcF,no,BSU01860
ybcH,no,BSU01870
ybcI,no,BSU01880
ybzH,-,BSU01889
ybcL,no,BSU01890
ybcM,no,BSU01900
skfA,no,BSU01910
skfB,no,BSU01920
skfC,no,BSU01935
skfE,no,BSU01950
skfF,no,BSU01960
skfG,no,BSU01970
skfH,no,BSU01980
ybdG,no,BSU01990
ybdJ,no,BSU02000
ybdK,no,BSU02010
BSU_02016,,BSU02016
ybzI,-,BSU02019
prkD,no,BSU02030
ybdN,no,BSU02040
ybdO,no,BSU02050
aimB,no,BSU02060
csgA,no,BSU02070
ybxH,no,BSU02080
ybxI,no,BSU02090
cypC,no,BSU02100
ybyB,no,BSU02110
aimA,no,BSU02120
glpQ,no,BSU02130
glpT,no,BSU02140
ybeF,no,BSU02150
ybfA,no,BSU02160
ybfB,no,BSU02170
ybfE,no,BSU02180
ybfEn,,BSU02181
ybfF,no,BSU02190
ybfG,no,BSU02200
ybfH,no,BSU02210
ybfI,no,BSU02220
purT,no,BSU02230
mpr,no,BSU02240
ybfJ,no,BSU02250
ybfK,no,BSU02260
pssA,no,BSU02270
petA,no,BSU02280
psd,no,BSU02290
ybfN,no,BSU02300
ybfO,no,BSU02310
ybfP,no,BSU02320
ybfQ,no,BSU02330
gltP,no,BSU02340
gamP,no,BSU02350
gamA,no,BSU02360
gamR,no,BSU02370
ybgB,no,BSU02380
ilvE,no,BSU02390
ybgF,no,BSU02400
ybgG,no,BSU02410
glnT,no,BSU02420
glsA,no,BSU02430
glnK,no,BSU02440
glnL,no,BSU02450
ycbC,no,BSU02460
ycbD,no,BSU02470
ycbE,no,BSU02480
ycbF,no,BSU02490
ycbG,no,BSU02500
ycbH,no,BSU02510
ycbJ,no,BSU02520
rtpA,no,BSU02530
ycbK,no,BSU02540
ycbL,no,BSU02550
ycbM,no,BSU02560
ycbN,no,BSU02570
ycbO,no,BSU02580
BSU_02585,,BSU02585
ycbP,no,BSU02590
cwlJ,no,BSU02600
ycbR,no,BSU02610
yczK,-,BSU02619
phoD,no,BSU02620
tatAD,no,BSU02630
tatCD,no,BSU02640
pcp,no,BSU02650
ycbU,no,BSU02660
lmrB,no,BSU02670
lmrA,no,BSU02680
ansZ,no,BSU02690
lip,no,BSU02700
yczC,no,BSU02710
yccF,no,BSU02720
natK,no,BSU02730
natR,no,BSU02740
natA,no,BSU02750
natB,no,BSU02760
yccK,no,BSU02770
ycdA,no,BSU02780
BSU_02785,,BSU02785
ycdB,no,BSU02790
ycdC,no,BSU02800
cwlK,no,BSU02810
rapJ,no,BSU02820
ycdF,no,BSU02830
ycdG,no,BSU02840
znuA,no,BSU02850
znuC,no,BSU02860
znuB,no,BSU02870
yceB,no,BSU02880
yceC,no,BSU02890
yceD,no,BSU02900
yceE,no,BSU02910
meeF,no,BSU02920
yceG,no,BSU02930
yceH,no,BSU02940
niaP,no,BSU02950
yceJ,no,BSU02960
yceK,no,BSU02970
opuAA,no,BSU02980
opuAB,no,BSU02990
opuAC,no,BSU03000
amhX,no,BSU03010
ycgA,no,BSU03020
ycgB,no,BSU03030
amyE,no,BSU03040
ldh,no,BSU03050
lctP,no,BSU03060
mdr,no,BSU03070
ycgE,no,BSU03080
ycgF,no,BSU03090
ycgG,no,BSU03100
ycgH,no,BSU03110
ycgI,no,BSU03120
nadE,yes,BSU03130
tmrB,no,BSU03140
aroK,yes,BSU03150
ycgJ,no,BSU03160
ycgK,no,BSU03170
cah,no,BSU03180
ycgL,no,BSU03190
putB,no,BSU03200
putC,no,BSU03210
putP,no,BSU03220
putR,no,BSU03230
ycgQ,no,BSU03240
ycgR,no,BSU03250
ycgS,no,BSU03260
ycgT,no,BSU03270
nasF,no,BSU03280
nasE,no,BSU03290
nasD,no,BSU03300
nasC,no,BSU03310
nasB,no,BSU03320
nasA,no,BSU03330
folEB,no,BSU03340
yciB,no,BSU03350
yczL,-,BSU03359
zagA,no,BSU03360
yckA,no,BSU03370
yckB,no,BSU03380
BSU_03385,,BSU03385
yckC,no,BSU03390
yckD,no,BSU03400
yckE,no,BSU03410
nin,no,BSU03420
nucA,no,BSU03430
tlpC,no,BSU03440
hxlB,no,BSU03450
hxlA,no,BSU03460
hxlR,no,BSU03470
srfAA,no,BSU03480
srfAB,no,BSU03490
comS,no,BSU03500
srfAC,no,BSU03510
srfAD,no,BSU03520
ycxA,no,BSU03530
ycxB,no,BSU03540
ycxC,no,BSU03550
ycxD,no,BSU03560
sfp/1,no,BSU03569
sfp/2,no,BSU03570
yczE,no,BSU03580
tcyC,no,BSU03590
tcyB,no,BSU03600
tcyA,no,BSU03610
bsdA,no,BSU03620
bsdB,no,BSU03630
bsdC,no,BSU03640
bsdD,no,BSU03651
yclD,no,BSU03652
yclE,no,BSU03660
dtpT,no,BSU03670
yclG,no,BSU03680
gerKD,no,BSU03690
gerKA,no,BSU03700
gerKC,no,BSU03710
gerKB,no,BSU03720
yclH,no,BSU03730
yclI,no,BSU03740
yclJ,no,BSU03750
yclK,no,BSU03760
rapC,no,BSU03770
phrC,no,BSU03780
yczM,no,BSU03788
yczN,no,BSU03789
thrD,no,BSU03790
fpbN,no,BSU03800
fpbO,no,BSU03810
fpbP,no,BSU03820
fpbQ,no,BSU03830
ycnB,no,BSU03840
ycnC,no,BSU03850
ycnD,no,BSU03860
ycnE,no,BSU03870
yczG,no,BSU03880
gabR,no,BSU03890
gabT,no,BSU03900
gabD,no,BSU03910
glcU,no,BSU03920
gdh,no,BSU03930
ycnI,no,BSU03940
ycnJ,no,BSU03950
ycnK,no,BSU03960
ycnL,no,BSU03970
mtlA,no,BSU03981
mtlF,no,BSU03982
mtlD,no,BSU03990
ycsA,no,BSU04000
sipU,no,BSU04010
yczH,no,BSU04020
ycsD,no,BSU04030
yczO,-,BSU04039
ycsE,no,BSU04040
pxpA,no,BSU04050
ycsG,no,BSU04060
ycsI,no,BSU04070
pxpB,no,BSU04080
pxpC,no,BSU04090
kipR,no,BSU04100
lipC,no,BSU04110
yczI,no,BSU04120
yczJ,no,BSU04130
pbpC,no,BSU04140
ycsN,no,BSU04150
mtlR,no,BSU04160
ydaB,no,BSU04170
ydaC,no,BSU04180
ydaD,no,BSU04190
ydaE,no,BSU04200
ydaF,no,BSU04210
ydaG,no,BSU04220
amj,no,BSU04230
ydzA,no,BSU04240
lrpC,no,BSU04250
topB,no,BSU04260
ydaJ,no,BSU04270
ydaK,no,BSU04280
ydaL,no,BSU04290
ydaM,no,BSU04300
ydaN,no,BSU04310
kimA,no,BSU04320
mutT,no,BSU04330
ydaP,no,BSU04340
BSU_04345,,BSU04345
ydzK,-,BSU04359
mntH,no,BSU04360
ydaS,no,BSU04370
ydaT,no,BSU04380
ydbA,no,BSU04390
gsiB,no,BSU04400
ydbB,no,BSU04410
ydbC,no,BSU04420
ydbD,no,BSU04430
dctB,no,BSU04440
dctS,no,BSU04450
dctR,no,BSU04460
dctP,no,BSU04470
ydbI,no,BSU04480
ydbJ,no,BSU04490
ydbK,no,BSU04500
ydbL,no,BSU04510
ydbM,no,BSU04520
fbpB,no,BSU04530
fbpA,no,BSU04536
ydbO,no,BSU04540
ydbP,no,BSU04550
ddl,yes,BSU04560
murF,yes,BSU04570
cshA,no,BSU04580
ydbS,no,BSU04590
ydbT,no,BSU04600
ydcA,no,BSU04610
acpS,yes,BSU04620
ssdC,no,BSU04630
alr,yes,BSU04640
ndoAI,no,BSU04650
ndoA,no,BSU04660
rsbR,no,BSU04670
rsbS,no,BSU04680
rsbT,no,BSU04690
rsbU,no,BSU04700
rsbV,no,BSU04710
rsbW,no,BSU04720
sigB,no,BSU04730
rsbX,no,BSU04740
BSU_04745,,BSU04745
ydcF,no,BSU04750
ydcG,no,BSU04760
pamR,no,BSU04770
ydcI,no,BSU04780
cmpA,,BSU04785
ydcK,no,BSU04790
int,no,BSU04800
immA,no,BSU04810
immR,no,BSU04820
xis,no,BSU04830
ydzL,-,BSU04839
devI,no,BSU04840
BSU_04849,,BSU04849
ydcP,no,BSU04850
ydcQ,no,BSU04860
nicK,no,BSU04870
ramS,no,BSU04880
ramT,no,BSU04890
ramA,no,BSU04900
conB,no,BSU04910
conC,no,BSU04920
conD,no,BSU04930
conE,no,BSU04940
yddF,no,BSU04950
conG,no,BSU04960
cwlT,,BSU04970
yddI,no,BSU04980
yddJ,no,BSU04990
spbK,no,BSU05000
rapI,no,BSU05010
phrI,no,BSU05020
yddM,no,BSU05030
yddN,no,BSU05040
lrpA,no,BSU05050
lrpB,no,BSU05060
yddQ,no,BSU05070
yddR,no,BSU05080
yddS,no,BSU05090
ydzM,-,BSU05099
yddT,no,BSU05100
ydzN,-,BSU05109
ydeA,no,BSU05110
cspC,no,BSU05120
ydeB,no,BSU05130
ydzE,no,BSU05140
aerA,no,BSU05150
aexA,no,BSU05160
ydeE,no,BSU05170
ydeF,no,BSU05180
ydeG,no,BSU05190
ydeH,no,BSU05200
ydeI,no,BSU05210
ydeJ,no,BSU05220
ydeK,no,BSU05230
ydeL,no,BSU05240
ydeM,no,BSU05250
ydeN,no,BSU05260
ydzF,no,BSU05270
ydeO,no,BSU05280
ydeP,no,BSU05290
ydeQ,no,BSU05300
ydeR,no,BSU05310
ydeS,no,BSU05320
ydzO,-,BSU05329
aseR,no,BSU05330
aseA,no,BSU05340
ydzS/1,-,BSU05343
ydzS/2,-,BSU05344
ydfB,no,BSU05350
ydfC,no,BSU05360
ydfD,no,BSU05370
ydfE,no,BSU05380
ydfF,no,BSU05390
ydfG,no,BSU05400
ydzP,-,BSU05408
ydzQ,-,BSU05409
ydfH,no,BSU05410
ydfI,no,BSU05420
ydfJ,no,BSU05430
nap,no,BSU05440
ydfK,no,BSU05450
ydfL,no,BSU05460
mneP,no,BSU05470
mhqN,no,BSU05480
mhqO,no,BSU05490
mhqP,no,BSU05500
ydfQ,no,BSU05510
ydzH,no,BSU05520
ydzR,-,BSU05529
ydfR,no,BSU05530
ydfS,no,BSU05540
cotP,no,BSU05550
ydgA,no,BSU05560
ydgB,no,BSU05570
ydgC,no,BSU05580
ydgD,no,BSU05590
ydgE,no,BSU05600
vmlR,no,BSU05610
ydgF,no,BSU05620
bstG,no,BSU05630
ydgG,no,BSU05640
ydgH,no,BSU05650
ydgI,no,BSU05660
ydgJ,no,BSU05670
ydgK,no,BSU05680
ydhB,no,BSU05690
ydhC,no,BSU05700
ydhD,no,BSU05710
ydhE,no,BSU05720
ydhF,no,BSU05730
phoB,no,BSU05740
fra,no,BSU05750
ydhH,no,BSU05760
ydhI,no,BSU05770
ydhJ,no,BSU05780
ydhK,no,BSU05790
pbuE,no,BSU05800
gmuB,no,BSU05810
gmuA,no,BSU05820
gmuC,no,BSU05830
gmuD,no,BSU05840
gmuR,no,BSU05850
gmuE,no,BSU05860
gmuF,no,BSU05870
gmuG,no,BSU05880
ydhU/1,no,BSU05890
ydhU/2,no,BSU05899
thiL,no,BSU05900
tsaE,no,BSU05910
tsaB,yes,BSU05920
rimI,no,BSU05930
tsaD,yes,BSU05940
ydiF,no,BSU05950
ydiG,no,BSU05960
rex,no,BSU05970
tatAY,no,BSU05980
tatCY,no,BSU05990
ydiK,no,BSU06000
ydiL,no,BSU06010
groES,yes,BSU06020
groEL,yes,BSU06030
ydzT/1,-,BSU06033
ydzT/2,-,BSU06034
ydzT/3,-,BSU06036
ydzT/4,-,BSU06037
ydzT/5,-,BSU06038
ydiM,no,BSU06040
ydzU,-,BSU06048
ydzV,-,BSU06049
ydiN,,BSU06050
bsuMA,yes,BSU06060
bsuMB,yes,BSU06070
ydzW/1,-,BSU06073
ydzW/2,-,BSU06074
ydzW/3,-,BSU06076
ydzW/4,-,BSU06077
ydzW/5,-,BSU06078
ydzW/6,-,BSU06079
ydzW/7,-,BSU06083
bsuRA,no,BSU06090
bsuRB,no,BSU06100
bsuRC,no,BSU06110
ydjB,no,BSU06120
ydjC,no,BSU06130
gutR,no,BSU06140
gutB,no,BSU06150
gutP,no,BSU06160
fruC,no,BSU06170
pspA,no,BSU06180
ydjG,no,BSU06190
ydjH,no,BSU06200
ydjI,no,BSU06210
ydjJ,no,BSU06220
iolT,no,BSU06230
bdhA,no,BSU06240
ydjM,no,BSU06250
ydjN,no,BSU06260
ydzJ,-,BSU06269
ydjO,no,BSU06270
ydjP,no,BSU06280
yeaA,no,BSU06290
cotA,no,BSU06300
gabP,no,BSU06310
ydzX,-,BSU06319
mneS,no,BSU06320
yeaC,no,BSU06330
yeaD,no,BSU06340
yebA,no,BSU06350
guaA,no,BSU06360
pbuG,no,BSU06370
yebC,no,BSU06380
yebD,no,BSU06390
yebE,no,BSU06400
yebG,no,BSU06410
purE,no,BSU06420
purK,no,BSU06430
purB,no,BSU06440
purC,no,BSU06450
purS,no,BSU06460
purQ,no,BSU06470
purL,no,BSU06480
purF,no,BSU06490
purM,no,BSU06500
purN,no,BSU06510
purH,no,BSU06520
purD,no,BSU06530
yezC,no,BSU06540
yecA,no,BSU06550
yezF,-,BSU06559
yerA,no,BSU06560
yerB,no,BSU06570
yerC,no,BSU06580
yerD,no,BSU06590
pcrB,no,BSU06600
pcrA,yes,BSU06610
ligA,yes,BSU06620
yerH,no,BSU06630
yerI,no,BSU06640
sapB,no,BSU06650
opuE,no,BSU06660
gatC,yes,BSU06670
gatA,yes,BSU06680
gatB,yes,BSU06690
yerO,no,BSU06700
swrC,no,BSU06710
dgkB,no,BSU06720
rlmCD,no,BSU06730
yefB,no,BSU06740
yefC,no,BSU06750
dnmA,no,BSU06760
yeeB,no,BSU06770
yeeC,no,BSU06780
yeeD,no,BSU06790
yezA,no,BSU06800
yezG,yes,BSU06811
yeeF,no,BSU06812
yeeG,no,BSU06820
rapH,no,BSU06830
phrH,no,BSU06839
yebC2,no,BSU06840
yeeK,no,BSU06850
yezE,no,BSU06860
yesE,no,BSU06870
yesF,no,BSU06880
cotJA,no,BSU06890
cotJB,no,BSU06900
cotJC,no,BSU06910
yesJ,no,BSU06920
yesK,no,BSU06930
yesL,no,BSU06940
rhgK,no,BSU06950
rhgL,no,BSU06960
rhiL,no,BSU06970
rhiF,no,BSU06980
rhiG,no,BSU06990
rhiN,no,BSU07000
rhgR,no,BSU07010
yesT,no,BSU07020
yesU,no,BSU07030
yesV,no,BSU07040
yesW,no,BSU07050
yesX,no,BSU07060
yesY,no,BSU07070
yesZ,no,BSU07080
yetA,no,BSU07090
lplA,no,BSU07100
lplB,no,BSU07110
lplC,no,BSU07120
lplD,no,BSU07130
yetF,no,BSU07140
hmoA,no,BSU07150
yetH,no,BSU07160
BSU_07166,,BSU07166
yetI,no,BSU07170
yezB,no,BSU07180
yezD,no,BSU07190
yetJ,no,BSU07200
yetK,no,BSU07210
yetL,no,BSU07220
yetM,no,BSU07230
yetN,no,BSU07240
yetO,no,BSU07250
yfnI,no,BSU07260
yfnH,no,BSU07270
yfnG,no,BSU07280
yfnF,no,BSU07290
yfnE,no,BSU07300
yfnD,no,BSU07310
yfnC,no,BSU07320
yfnB,no,BSU07330
mtrA,no,BSU07340
yfmT,no,BSU07350
yfmS,no,BSU07360
yfmR,no,BSU07370
yfmQ,no,BSU07380
yfmP,no,BSU07390
yfmO,no,BSU07400
yfmN,no,BSU07410
yfmM,no,BSU07420
yfmL,no,BSU07430
yfmK,no,BSU07440
yfmJ,no,BSU07450
yfmI,no,BSU07460
yfmG,no,BSU07480
fecF,no,BSU07490
fecE,no,BSU07500
fecD,no,BSU07510
fecC,no,BSU07520
yfmB,no,BSU07530
yfmA,no,BSU07540
yflT,no,BSU07550
pel,no,BSU07560
yflS,no,BSU07570
citS,no,BSU07580
citT,no,BSU07590
yflP,no,BSU07600
citM,no,BSU07610
yflN,no,BSU07620
nos,no,BSU07630
yflL,no,BSU07640
yflK,no,BSU07650
yflJ,no,BSU07660
yflI,no,BSU07670
yflH,no,BSU07680
yflG,no,BSU07690
nagP,no,BSU07700
ltaS,no,BSU07710
yflD,no,BSU07720
yflB,no,BSU07735
yflA,no,BSU07750
yfkT,no,BSU07760
yfkS,no,BSU07770
yfkR,no,BSU07780
yfkQ,no,BSU07790
treP,no,BSU07800
treA,no,BSU07810
treR,no,BSU07820
hypO,no,BSU07830
yfkN,no,BSU07840
yfkM,no,BSU07850
yfkL,no,BSU07860
yfkK,no,BSU07870
yfkJ,no,BSU07880
yfkI,no,BSU07890
yfkH,no,BSU07900
yfkF,no,BSU07910
chaA,no,BSU07920
yfkD,no,BSU07930
yfkC,no,BSU07940
yfkA,no,BSU07955
yfjT,no,BSU07970
pdaA,no,BSU07980
yfjR,no,BSU07990
yfjQ,no,BSU08000
yfjP,no,BSU08010
yfjO,no,BSU08020
yfzA,-,BSU08029
dusB2,no,BSU08030
yfjM,no,BSU08040
yfjL,no,BSU08050
acoA,no,BSU08060
acoB,no,BSU08070
acoC,no,BSU08080
acoL,no,BSU08090
acoR,no,BSU08100
sspH,no,BSU08110
yfjF,no,BSU08120
yfjE,no,BSU08130
yfjD,no,BSU08140
yfjC,no,BSU08150
yfjB,no,BSU08160
yfjA,no,BSU08170
malA,no,BSU08180
glvR,no,BSU08190
malP,no,BSU08200
yfiB,no,BSU08210
yfiC,no,BSU08220
catD,no,BSU08230
catE,no,BSU08240
yfiF,no,BSU08250
yfiG,no,BSU08260
yfiH,no,BSU08270
yfiI,no,BSU08280
lnrJ,no,BSU08290
lnrK,no,BSU08300
lnrL,no,BSU08310
lnrM,no,BSU08320
lnrN,no,BSU08330
padR,no,BSU08340
lipB,no,BSU08350
yfiQ,no,BSU08360
yfiR,no,BSU08370
yfiS,no,BSU08380
bstA,no,BSU08390
yfiU,no,BSU08400
yfiV,no,BSU08410
mprF,no,BSU08425
yfiY,no,BSU08440
yfiZ,no,BSU08450
yfhA,no,BSU08460
yfhB,no,BSU08470
yfhC,no,BSU08480
yfhD,no,BSU08490
yfhE,no,BSU08500
yfhF,no,BSU08510
recX,no,BSU08520
yfhH,no,BSU08530
yfhI,no,BSU08540
sspK,no,BSU08550
yfhJ,no,BSU08560
yfhK,no,BSU08570
yfhL,no,BSU08580
yfhM,no,BSU08590
csbB,,BSU08600
yfhO,no,BSU08610
yfhP,no,BSU08620
mutY,no,BSU08630
yfhS,no,BSU08640
fabL,no,BSU08650
sspE,no,BSU08660
ygaB,no,BSU08670
ygaC,no,BSU08680
ygaD,no,BSU08690
ygaE,no,BSU08700
gsaB,no,BSU08710
ygaF,no,BSU08720
perR,no,BSU08730
ygzB,no,BSU08740
ygxA,no,BSU08750
spo0M,no,BSU08760
ygzA,no,BSU08770
ygzC,-,BSU08779
ygaJ,no,BSU08780
thiC,no,BSU08790
ygaK,no,BSU08800
senS,no,BSU08810
katA,no,BSU08820
ssuB,no,BSU08830
ssuA,no,BSU08840
ssuC,no,BSU08850
ssuD,no,BSU08860
ygaN,no,BSU08870
rpsNB,no,BSU08880
ygaO,no,BSU08890
ygzD,-,BSU08899
yhzB,no,BSU08900
queG,no,BSU08910
yhbB,no,BSU08920
cspR,no,BSU08930
yhbD,no,BSU08940
yhbE,no,BSU08950
yhbF,no,BSU08960
prkA,no,BSU08970
yhbH,no,BSU08980
yhbI,no,BSU08990
yhbJ,no,BSU09000
yhcA,no,BSU09010
yhcB,no,BSU09020
yhcC,no,BSU09030
yhcD,no,BSU09040
yhcE,no,BSU09050
yhcF,no,BSU09060
yhcG,no,BSU09070
yhcH,no,BSU09080
yhcI,no,BSU09090
cspB,no,BSU09100
yhcJ,no,BSU09110
dgcK,no,BSU09120
tcyP,no,BSU09130
yhcM,no,BSU09140
yhcN,no,BSU09150
yhcO,no,BSU09165
yhcQ,no,BSU09180
yhcR,no,BSU09190
yhcS,no,BSU09200
yhcT,no,BSU09210
yhcU,no,BSU09220
yhcV,no,BSU09230
yhcW,no,BSU09240
yhcX,no,BSU09250
yhzG,-,BSU09259
yhxA,no,BSU09260
glpP,no,BSU09270
glpF,no,BSU09280
glpK,no,BSU09290
glpD,no,BSU09300
pgcA,no,BSU09310
yhcY,no,BSU09320
yhcZ,no,BSU09330
yhdA,no,BSU09340
yhdB,no,BSU09350
yhdC,no,BSU09360
lytF,no,BSU09370
nsrR,no,BSU09380
ygxB,no,BSU09390
spoVR,no,BSU09400
phoA,no,BSU09410
lytE,no,BSU09420
citR,no,BSU09430
citA,no,BSU09440
yhdF,no,BSU09450
bcaP,no,BSU09460
yhdH,no,BSU09470
yhdI,no,BSU09480
yhdJ,no,BSU09490
yhdK,no,BSU09500
yhdL,yes,BSU09510
sigM,no,BSU09520
yhdN,no,BSU09530
plsC,yes,BSU09540
mpfA,no,BSU09550
yhdQ,no,BSU09560
yhdR,no,BSU09570
yhdT,no,BSU09590
fluC,no,BSU09600
yhdV,no,BSU09610
yhdW,no,BSU09620
yhdX,no,BSU09630
yhdY,no,BSU09640
srtN,no,BSU09650
yheN,no,BSU09660
dat,no,BSU09670
nhaC,no,BSU09680
nhaX,no,BSU09690
bmrB,no,BSU09700
bmrC,no,BSU09710
bmrD,no,BSU09720
yheG,no,BSU09730
yheF,no,BSU09740
sspB,no,BSU09750
yheE,no,BSU09760
yheD,no,BSU09770
yheC,no,BSU09780
yheB,no,BSU09790
yheA,no,BSU09800
yhaZ,no,BSU09810
yhaX,no,BSU09830
hemZ,no,BSU09840
khtU,no,BSU09850
khtT,no,BSU09860
khtS,no,BSU09870
yhaR,no,BSU09880
yhzD,-,BSU09889
yhaQ,no,BSU09890
yhaP,no,BSU09900
yhaO,no,BSU09910
sbcE,no,BSU09920
yhaM,no,BSU09930
yhaL,no,BSU09940
prsA,yes,BSU09950
sscA,no,BSU09958
sscB,,BSU09959
yhaJ,no,BSU09965
yhaI,no,BSU09980
scoC,no,BSU09990
yhaH,no,BSU10000
yhzF,-,BSU10009
trpP,no,BSU10010
serC,no,BSU10020
hit,no,BSU10030
ecsA,no,BSU10040
ecsB,no,BSU10050
ecsC,no,BSU10060
sndC,no,BSU10070
yhfA,no,BSU10080
yhgB,no,BSU10090
hmoB,no,BSU10100
pbpF,no,BSU10110
hemE,no,BSU10120
hemH,no,BSU10130
hemY,no,BSU10140
yhgD,no,BSU10150
yhgE,no,BSU10160
fabHB,no,BSU10170
yhfC,no,BSU10180
yhfE,no,BSU10200
yhfF,no,BSU10210
gltT,no,BSU10220
yhfH,no,BSU10230
yhfI,no,BSU10240
lplJ,no,BSU10250
yhfK,no,BSU10260
lcfB,no,BSU10270
yhfM,no,BSU10280
yhfN,no,BSU10290
aprE,no,BSU10300
yhfO,no,BSU10310
yhfP,no,BSU10320
yhfQ,no,BSU10330
yhfR,no,BSU10340
yhfS,no,BSU10350
yhfT,no,BSU10360
panU,no,BSU10370
hemAT,no,BSU10380
yhfW,no,BSU10390
yhxC,no,BSU10400
yhzC,no,BSU10410
comK,no,BSU10420
yhxD,no,BSU10430
yhjA,no,BSU10440
yhjB,no,BSU10450
yhjC,no,BSU10460
yhjD,no,BSU10470
yhjE,no,BSU10480
sipV,no,BSU10490
yhjG,no,BSU10500
yhjH,no,BSU10510
glcP,no,BSU10520
ntdC,no,BSU10530
ntdB,no,BSU10540
ntdA,no,BSU10550
ntdR,no,BSU10560
yhjN,no,BSU10570
yhjO,no,BSU10580
yhjP,no,BSU10590
yhjQ,no,BSU10600
yhjR,no,BSU10610
addB,no,BSU10620
addA,no,BSU10630
sbcD,no,BSU10640
sbcC,no,BSU10650
hlpB,no,BSU10660
gerPF,no,BSU10670
gerPE,no,BSU10680
gerPD,no,BSU10690
gerPC,no,BSU10700
gerPB,no,BSU10710
gerPA,no,BSU10720
yisI,no,BSU10730
yisJ,no,BSU10740
yisK,no,BSU10750
yisL,no,BSU10760
wprA,no,BSU10770
yisN,no,BSU10780
asnO,no,BSU10790
bstH,no,BSU10800
yisP,no,BSU10810
yisQ,no,BSU10820
yisR,no,BSU10830
iolQ,no,BSU10840
iolX,no,BSU10850
bstC,no,BSU10860
yisU,no,BSU10870
yisV,no,BSU10880
yisX,no,BSU10890
yisY,no,BSU10900
yisZ,no,BSU10910
yitA,no,BSU10920
yitB,no,BSU10930
yitC,no,BSU10940
yitD,no,BSU10950
yitE,no,BSU10960
yitF,no,BSU10970
yitG,no,BSU10980
yitH,no,BSU10990
yitI,no,BSU11000
yitJ,no,BSU11010
yitK,no,BSU11020
yitL,no,BSU11030
yitM,no,BSU11040
yitO,no,BSU11055
yitP,no,BSU11070
yizB,-,BSU11079
yitQ,no,BSU11080
yitR,no,BSU11090
nprB,no,BSU11100
yitS,no,BSU11110
yitT,no,BSU11120
ipi,no,BSU11130
BSU_11136,,BSU11136
yizC,-,BSU11139
yitU,no,BSU11140
yitV,no,BSU11150
yitW,no,BSU11160
yitY,no,BSU11170
yitZ,no,BSU11180
argC,no,BSU11190
argJ,no,BSU11200
argB,no,BSU11210
argD,no,BSU11220
carA,no,BSU11230
carB,no,BSU11240
argF,no,BSU11250
yjzC,no,BSU11260
yjzD,no,BSU11270
yjaU,no,BSU11280
yjaV,no,BSU11290
med,no,BSU11300
comZ,no,BSU11310
yjzB,no,BSU11320
fabHA,no,BSU11330
fabF,yes,BSU11340
yjaZ,no,BSU11350
appD,no,BSU11360
appF,no,BSU11370
appA/1,no,BSU11381
appA/2,no,BSU11382
appB,no,BSU11390
appC,no,BSU11400
mdfA,no,BSU11410
trpS,yes,BSU11420
oppA,no,BSU11430
oppB,no,BSU11440
oppC,no,BSU11450
oppD,no,BSU11460
oppF,no,BSU11470
yjbB,no,BSU11480
yjbC,no,BSU11490
spx,no,BSU11500
yjbE,no,BSU11510
BSU_11515,,BSU11515
mecA,no,BSU11520
BSU_11525,,BSU11525
coiA,no,BSU11530
pepF,no,BSU11540
yizD,-,BSU11549
spxH,no,BSU11550
yjbI,no,BSU11560
cwlQ,no,BSU11570
yjbK,no,BSU11580
yjbL,no,BSU11590
sasB,no,BSU11600
nadF,yes,BSU11610
yjbO,no,BSU11620
prpE,no,BSU11630
cpaA,no,BSU11640
tenA,no,BSU11650
tenI,no,BSU11660
thiO,no,BSU11670
thiS,no,BSU11680
thiG,no,BSU11690
thiF,no,BSU11700
thiD,no,BSU11710
fabI,no,BSU11720
cotO,no,BSU11730
cotZ,no,BSU11740
cotY,no,BSU11750
cotX,no,BSU11760
cotW,no,BSU11770
cotV,no,BSU11780
yjcA,no,BSU11790
BSU_11798,,BSU11798
yjzK,-,BSU11799
yjcB,,BSU11800
yjcZ,-,BSU11809
spoVIF,no,BSU11810
yjcD,no,BSU11820
yjzE,no,BSU11839
yjcF,no,BSU11840
yjcG,no,BSU11850
yjcH,no,BSU11860
metI,no,BSU11870
metC,no,BSU11880
yjcK,no,BSU11890
yjcL,no,BSU11900
yjcM,no,BSU11910
yjcN,no,BSU11920
yjzF,-,BSU11928
yjzG,-,BSU11929
yjcO,no,BSU11930
yjcP,no,BSU11940
yjcQ,no,BSU11950
yjcR,no,BSU11960
yjcS,no,BSU11970
yjdA,no,BSU11980
yjdB,no,BSU11990
manR,no,BSU12000
manP,no,BSU12010
manA,no,BSU12020
yjdF,no,BSU12030
yjdG,no,BSU12040
yjdH,no,BSU12050
yjdI,no,BSU12060
yjzH,-,BSU12069
yjdJ,no,BSU12070
ctaO,no,BSU12080
cotT,no,BSU12090
pdaC,no,BSU12100
yjfA,no,BSU12110
yjfB,no,BSU12120
yjfC,no,BSU12130
yjgA,no,BSU12140
yjgB,no,BSU12150
forC1,no,BSU12160
forE1,no,BSU12170
yjhA,no,BSU12180
yjhB,no,BSU12190
yjiA,no,BSU12200
yjiB,no,BSU12210
yjiC,no,BSU12220
yjzI,-,BSU12229
yjjA,no,BSU12230
yjkA,no,BSU12240
yjkB,no,BSU12250
yjlA,no,BSU12260
yjlB,no,BSU12270
yjlC,no,BSU12280
ndh,no,BSU12290
uxaC,no,BSU12300
yjmB,no,BSU12310
yjmC,no,BSU12320
yjmD,no,BSU12330
uxuA,no,BSU12340
yjmF,no,BSU12350
exuT,no,BSU12360
exuR,no,BSU12370
uxaB,no,BSU12380
uxaA,no,BSU12390
yjnA,no,BSU12400
bstD,no,BSU12410
yjoB,no,BSU12420
rapA,no,BSU12430
phrA,no,BSU12440
yjpA,no,BSU12450
xlyB,no,BSU12460
yjqA,no,BSU12470
pghB,no,BSU12480
yjqC,no,BSU12490
xkdA,no,BSU12500
xre,yes,BSU12510
yjzJ,-,BSU12519
xkdB,no,BSU12520
xkdC,no,BSU12530
ykzK,-,BSU12539
xkdD,no,BSU12540
xtrA,no,BSU12550
xpf,no,BSU12560
xtmA,no,BSU12570
xtmB,no,BSU12580
xkdE,no,BSU12590
xkdF,no,BSU12600
xkdG,no,BSU12610
ykzL,-,BSU12619
xkdH,no,BSU12620
xkdI,no,BSU12630
xkdJ,no,BSU12640
ykzM,-,BSU12649
xkdK,no,BSU12650
xkdM,no,BSU12660
xkdN,no,BSU12671
xkzB,no,BSU12672
xkdO,no,BSU12680
xkdP,no,BSU12690
xkdQ,no,BSU12700
xkdR,no,BSU12710
xkdS,no,BSU12720
xkdT,no,BSU12730
xkdU,no,BSU12740
xkzA,no,BSU12749
xkdV,no,BSU12750
xkdW,no,BSU12760
xkdX,no,BSU12770
xepA,no,BSU12780
xhlA,no,BSU12790
xhlB,no,BSU12800
xlyA,no,BSU12810
spoIISC,,BSU12815
spoIISB,no,BSU12820
spoIISA,no,BSU12830
pit,no,BSU12840
ykaA,no,BSU12850
steT,no,BSU12860
mhqA,no,BSU12870
BSU_12875,,BSU12875
ykcB,no,BSU12880
ykcC,no,BSU12890
htrA,no,BSU12900
proG,no,BSU12910
dppA,no,BSU12920
dppB,no,BSU12930
dppC,no,BSU12940
dppD,no,BSU12950
dppE,no,BSU12960
ykfA,no,BSU12970
ykfB,no,BSU12980
ykfC,no,BSU12990
ykfD,no,BSU13000
ykgB,no,BSU13010
ykgA,no,BSU13020
ykhA,no,BSU13030
hmp,no,BSU13040
ykzH,no,BSU13050
ykjA,no,BSU13060
bstF,no,BSU13070
ykkB,no,BSU13080
ykkC,no,BSU13090
ykkD,no,BSU13100
ykkE,no,BSU13110
proB,no,BSU13120
proA,no,BSU13130
ohrA,no,BSU13140
ohrR,no,BSU13150
ohrB,no,BSU13160
ykzN,-,BSU13169
guaD,no,BSU13170
metE,no,BSU13180
ispA,no,BSU13190
rsbRB,no,BSU13200
thiX,no,BSU13210
thiW,no,BSU13220
thiV,no,BSU13230
thiU,no,BSU13240
ykoG,no,BSU13250
ykoH,no,BSU13260
ykoI,no,BSU13270
ykoJ,no,BSU13280
ykzD,no,BSU13290
ykzO,-,BSU13299
mgtE,yes,BSU13300
tnrA,no,BSU13310
ykzB,no,BSU13320
ykoL,no,BSU13330
ykoM,no,BSU13340
ykoN,no,BSU13350
ykoP,no,BSU13360
ykoQ,no,BSU13370
ykoS,no,BSU13380
ykoT,no,BSU13390
ligD,no,BSU13400
ykoV,no,BSU13410
dgcW,no,BSU13420
ykoX,no,BSU13430
meeY,no,BSU13440
sigI,no,BSU13450
rsgI,no,BSU13460
sspD,no,BSU13470
ykrK,no,BSU13480
htpX,no,BSU13490
ktrD,no,BSU13500
ykzP,-,BSU13509
ykzE,no,BSU13510
ykrP,no,BSU13520
kinE,no,BSU13530
ogt,no,BSU13540
BSU_13545,,BSU13545
mtnA,no,BSU13550
mtnK,no,BSU13560
mtnU,no,BSU13570
mtnE,no,BSU13580
mtnW,no,BSU13590
mtnX,no,BSU13600
mtnB,no,BSU13610
mtnD,no,BSU13620
ykvA,no,BSU13630
spo0E,no,BSU13640
eag,no,BSU13650
kinD,no,BSU13660
mhqR,no,BSU13670
motB,no,BSU13680
motA,no,BSU13690
clpE,no,BSU13700
ykvI,no,BSU13710
queC,no,BSU13720
queD,no,BSU13730
queE,no,BSU13740
queF,no,BSU13750
ykvN,no,BSU13760
ykvO,no,BSU13770
ykvP,no,BSU13780
ykzQ,-,BSU13789
ykvQ,no,BSU13790
ykzR,-,BSU13799
ykvR,no,BSU13800
ykvS,no,BSU13810
ykzS,-,BSU13819
ykvT,no,BSU13820
ykvU,no,BSU13830
stoA,no,BSU13840
pfeT,no,BSU13850
papB,no,BSU13860
ykvZ,no,BSU13870
glcT,no,BSU13880
ptsG,no,BSU13890
ptsH,no,BSU13900
ptsI,no,BSU13910
splA,no,BSU13920
splB,no,BSU13930
ykwB,no,BSU13940
mcpC,no,BSU13950
ykwC,no,BSU13960
ykwD,no,BSU13970
pbpH,no,BSU13980
kinA,no,BSU13990
patA,yes,BSU14000
ykzT,-,BSU14009
cheV,no,BSU14010
kre,no,BSU14020
ykuC,no,BSU14030
ldt,no,BSU14040
ykuE,no,BSU14050
fadH,no,BSU14060
fadG,no,BSU14071
ykzU,-,BSU14072
ykuH,no,BSU14080
ykuI,no,BSU14090
ykuJ,no,BSU14100
ykuK,no,BSU14110
abbA,no,BSU14120
darB,no,BSU14130
ccpC,no,BSU14140
ykuN,no,BSU14150
ykuO,no,BSU14160
ykuP,no,BSU14170
ykuQ,yes,BSU14180
ykuR,yes,BSU14190
ykuS,no,BSU14200
ykuT,no,BSU14210
ahpA,no,BSU14220
ahpT,no,BSU14230
rok,no,BSU14240
yknT,no,BSU14250
mobA,no,BSU14260
moeB,no,BSU14270
moeA,no,BSU14280
mobB,no,BSU14290
moaE,no,BSU14300
moaD,no,BSU14310
yknU,no,BSU14320
yknV,no,BSU14330
yknW,no,BSU14340
yknX,no,BSU14350
yknY,no,BSU14360
yknZ,no,BSU14370
fruR,no,BSU14380
fruK,no,BSU14390
fruA,no,BSU14400
sipT,no,BSU14410
ykoA,no,BSU14420
ykpA,no,BSU14430
panG,no,BSU14440
ampS,no,BSU14450
ykpC,no,BSU14460
mreBH,no,BSU14470
abh,no,BSU14480
kinC,no,BSU14490
ykqA,no,BSU14500
ktrC,no,BSU14510
adeC,no,BSU14520
rnjA,no,BSU14530
rpoY,no,BSU14540
ykrA,no,BSU14550
defB,no,BSU14560
BSU_14568,,BSU14568
ykzV,-,BSU14569
ykyA,no,BSU14570
pdhA,no,BSU14580
pdhB,no,BSU14590
pdhC,no,BSU14600
pdhD,no,BSU14610
slp,no,BSU14620
sr1,no,BSU14629
speA,no,BSU14630
yktA,no,BSU14640
yktB,no,BSU14650
ykzI,no,BSU14660
yktC,no,BSU14670
ykzC,no,BSU14680
yktD,no,BSU14690
nprE,no,BSU14700
ylaA,no,BSU14710
ylaB,no,BSU14720
ylaC,no,BSU14730
ylaD,no,BSU14740
ylaE,no,BSU14750
ylaF,no,BSU14760
ylaG,no,BSU14770
ylaH,no,BSU14780
ylaI,no,BSU14790
ylaJ,no,BSU14800
ylaK,no,BSU14810
ylaL,no,BSU14820
ylaM,no,BSU14830
fpa,yes,BSU14840
ftsW,yes,BSU14850
pycA,no,BSU14860
ctaA,no,BSU14870
ctaB,no,BSU14880
ctaC,no,BSU14890
ctaD,no,BSU14900
ctaE,no,BSU14910
ctaF,no,BSU14920
ctaG,no,BSU14930
ylbA,no,BSU14940
ylbB,no,BSU14950
ylbC,no,BSU14960
ylbD,no,BSU14970
ylbE,no,BSU14980
ricF,no,BSU14990
ylbG,no,BSU15000
ylbH,no,BSU15010
coaD,yes,BSU15020
spoVV,no,BSU15030
ylbK,no,BSU15040
ddcP,no,BSU15050
tmcAL,no,BSU15060
ylzH,-,BSU15069
ylbN,no,BSU15070
rpmF,no,BSU15080
gerR,no,BSU15090
ylbP,no,BSU15100
panE,no,BSU15110
bshC,no,BSU15120
mraZ,no,BSU15130
rsmH,no,BSU15140
ftsL,yes,BSU15150
pbpB,yes,BSU15160
spoVD,no,BSU15170
murE,yes,BSU15180
mraY,yes,BSU15190
murD,yes,BSU15200
spoVE,no,BSU15210
murG,yes,BSU15220
murB,yes,BSU15230
divIB,yes,BSU15240
ylxW,no,BSU15250
ylxX,no,BSU15260
sbp,no,BSU15270
ftsA,no,BSU15280
ftsZ,yes,BSU15290
bpr,no,BSU15300
spoIIGA,no,BSU15310
sigE,no,BSU15320
sigG,no,BSU15330
ylmA,no,BSU15340
ylmB,no,BSU15350
ylmC,no,BSU15360
ylmD,no,BSU15370
ylmE,no,BSU15380
sepF,no,BSU15390
ylmG,no,BSU15400
ylmH,no,BSU15410
divIVA,no,BSU15420
ileS,yes,BSU15430
ylyA,no,BSU15440
lspA,no,BSU15450
rluD,no,BSU15460
pyrR,no,BSU15470
pyrP,no,BSU15480
pyrB,no,BSU15490
pyrC,no,BSU15500
pyrAA,no,BSU15510
pyrAB,no,BSU15520
pyrK,no,BSU15530
pyrD,no,BSU15540
pyrF,no,BSU15550
pyrE,no,BSU15560
cysH,no,BSU15570
cysP,no,BSU15580
sat,no,BSU15590
cysC,no,BSU15600
ylnD,no,BSU15610
sirB,no,BSU15620
ylnF,no,BSU15630
rqcH,no,BSU15640
yloB,no,BSU15650
yloC,no,BSU15660
remA,no,BSU15670
gmk,yes,BSU15680
yloH,no,BSU15690
coaBC,yes,BSU15700
priA,yes,BSU15710
defA,no,BSU15720
fmt,no,BSU15730
yloM,no,BSU15740
yloN,no,BSU15750
prpC,no,BSU15760
prkC,no,BSU15770
cpgA,no,BSU15780
rpeA,no,BSU15790
yloS,no,BSU15800
spoVM,no,BSU15810
rpmB,no,BSU15820
rfaB,no,BSU15830
fakA,no,BSU15840
sdaAB,no,BSU15850
sdaAA,no,BSU15860
recG,no,BSU15870
fapR,no,BSU15880
plsX,yes,BSU15890
fabD,yes,BSU15900
fabG,yes,BSU15910
acpA,yes,BSU15920
rnc,yes,BSU15930
smc,yes,BSU15940
ftsY,yes,BSU15950
sivC,no,BSU15960
ylxM,no,BSU15970
ffh,yes,BSU15980
rpsP,yes,BSU15990
khpA,no,BSU16000
ylqD,no,BSU16010
rimM,no,BSU16020
trmD,yes,BSU16030
rplS,yes,BSU16040
rbgA,yes,BSU16050
rnhB,no,BSU16060
ylqG,no,BSU16070
ylqH,no,BSU16080
sucC,no,BSU16090
sucD,no,BSU16100
dprA,no,BSU16110
topA,quasi,BSU16120
trmFO,no,BSU16130
codV,no,BSU16140
clpQ,no,BSU16150
clpY,no,BSU16160
codY,no,BSU16170
flgB,no,BSU16180
flgC,no,BSU16190
fliE,no,BSU16200
fliF,no,BSU16210
fliG,no,BSU16220
fliH,no,BSU16230
fliI,no,BSU16240
fliJ,no,BSU16250
ylxF,no,BSU16260
fliK,no,BSU16270
flgD,no,BSU16280
flgE,no,BSU16290
swrD,-,BSU16299
fliL,no,BSU16300
fliM,no,BSU16310
fliY,no,BSU16320
cheY,no,BSU16330
fliO,no,BSU16340
fliP,no,BSU16350
fliQ,no,BSU16360
fliR,no,BSU16370
flhB,no,BSU16380
flhA,no,BSU16390
flhF,no,BSU16400
flhG,no,BSU16410
cheB,no,BSU16420
cheA,no,BSU16430
cheW,no,BSU16440
cheC,no,BSU16450
cheD,no,BSU16460
sigD,no,BSU16470
swrB,no,BSU16480
rpsB,yes,BSU16490
tsf,yes,BSU16500
pyrH,yes,BSU16510
frr,yes,BSU16520
uppS,yes,BSU16530
cdsA,yes,BSU16540
ispC,yes,BSU16550
rasP,no,BSU16560
proS,yes,BSU16570
polC,yes,BSU16580
ylxS,no,BSU16590
nusA,yes,BSU16600
rnpM,no,BSU16610
rplGA,no,BSU16620
infB,yes,BSU16630
ylxP,no,BSU16640
rbfA,no,BSU16650
truB,no,BSU16660
ribC,yes,BSU16670
rpsO,yes,BSU16680
pnpA,no,BSU16690
swsB,no,BSU16700
mlpA,no,BSU16710
ymxH,no,BSU16720
spoVFA,no,BSU16730
spoVFB,no,BSU16740
asd,yes,BSU16750
dapG,yes,BSU16760
dapA,yes,BSU16770
rnjB,no,BSU16780
tepA,no,BSU16790
ylzJ,-,BSU16799
spoIIIE,no,BSU16800
ymfC,no,BSU16810
ymfD,no,BSU16825
ymfF,no,BSU16845
ymfH,no,BSU16860
ymfI,no,BSU16870
ymfJ,no,BSU16880
ymfK/1,no,BSU16890
ymfK/2,no,BSU16900
rodZ,yes,BSU16910
pgsA,yes,BSU16920
cinA,no,BSU16930
recA,no,BSU16940
pbpX,no,BSU16950
rny,quasi,BSU16960
ymdB,no,BSU16970
spoVS,no,BSU16980
tdh,no,BSU16990
kbl,no,BSU17000
ymcB,no,BSU17010
ricA,no,BSU17020
cotE,no,BSU17030
mutS,no,BSU17040
mutL,no,BSU17050
ymzD,no,BSU17060
ymcC,no,BSU17070
pksA,no,BSU17080
pksB,no,BSU17090
BSU_17099,,BSU17099
pksC,no,BSU17100
pksD,no,BSU17110
pksE,no,BSU17120
acpK,no,BSU17130
pksF,no,BSU17140
pksG,no,BSU17150
pksH,no,BSU17160
pksI,no,BSU17170
pksJ,no,BSU17180
pksL,no,BSU17190
pksM,no,BSU17200
pksN,no,BSU17210
pksR,no,BSU17220
pksS,no,BSU17230
ymzB,no,BSU17240
ymaE,no,BSU17250
aprX,no,BSU17260
ymzE/1,-,
ymzE/2,-,BSU17267
pghC,no,BSU17270
ymaD,no,BSU17280
ebrB,no,BSU17290
ebrA,no,BSU17300
ymaG,no,BSU17310
gerY,no,BSU17320
miaA,no,BSU17330
hfq,no,BSU17340
ymzC,no,BSU17350
ymzA,no,BSU17360
nrdI,yes,BSU17370
nrdE,yes,BSU17380
nrdF,yes,BSU17390
ymaB,no,BSU17400
cwlC,no,BSU17410
spoVK,no,BSU17420
ynbA,no,BSU17430
ynbB,no,BSU17440
glnR,no,BSU17450
glnA,no,BSU17460
ynxB,no,BSU17470
ynzF,no,BSU17480
ynzG,no,BSU17490
ynaB,no,BSU17500
ynaC,no,BSU17510
ynaD,no,BSU17520
ynaE,no,BSU17530
ynaF,no,BSU17540
ynaG,no,BSU17550
ynzI,-,BSU17559
ynaI,no,BSU17560
xynP,no,BSU17570
xynB,no,BSU17580
xylR,no,BSU17590
xylA,no,BSU17600
xylB,no,BSU17610
yncB,no,BSU17620
yncC,no,BSU17630
yncD,no,BSU17640
yncE,no,BSU17650
yncF,no,BSU17660
cotU,no,BSU17670
ynzJ,-,BSU17678
BSU_17679,,BSU17679
thyA,no,BSU17680
BSU_17689,,BSU17689
yncM,no,BSU17690
ynzK,-,BSU17699
cotC,no,BSU17700
tatAC,no,BSU17710
BSU_17715,,BSU17715
yndA,no,BSU17720
yndB,no,BSU17730
ynzB,no,BSU17740
yndD,no,BSU17750
yndE,no,BSU17760
yndF,no,BSU17770
yndG,no,BSU17780
yndH,no,BSU17790
yndJ,no,BSU17800
yndK,no,BSU17810
pghL,no,BSU17820
yndM,no,BSU17830
fosB,no,BSU17840
yzzP,,BSU17845
lexA,no,BSU17850
yneA,no,BSU17860
yneB,no,BSU17870
ynzC,no,BSU17880
tkt,no,BSU17890
sirA,no,BSU17900
yneF,yes,BSU17910
ynzD,no,BSU17920
ccdA,no,BSU17930
yneI,no,BSU17940
yneJ,no,BSU17950
yneK,no,BSU17960
cotM,no,BSU17970
sspP,no,BSU17980
sspO,no,BSU17990
citB,no,BSU18000
yneN,no,BSU18010
ynzL,-,BSU18019
sspN,no,BSU18020
tlp,no,BSU18030
yneP,no,BSU18040
yneQ,no,BSU18050
pdhI,no,BSU18060
plsY,yes,BSU18070
yneT,no,BSU18080
parE,yes,BSU18090
parC,yes,BSU18100
ynfCc,,BSU18109
ynfC,no,BSU18110
alsT,no,BSU18120
bglC,no,BSU18130
ynfE,no,BSU18140
xynC,no,BSU18150
xynD,no,BSU18160
yngA,no,BSU18170
yngB,no,BSU18180
uptA,no,BSU18190
nrnB,no,BSU18200
yngE,no,BSU18210
yngF,no,BSU18220
yngG,no,BSU18230
yngHB,no,BSU18239
yngH,no,BSU18240
yngI,no,BSU18250
yngJ,no,BSU18260
ynzE,no,BSU18270
BSU_18275,,BSU18275
yngK,no,BSU18280
yngL,no,BSU18290
ppsE,no,BSU18300
ppsD,no,BSU18310
ppsC,no,BSU18320
ppsB,no,BSU18330
ppsA,no,BSU18340
dacC,no,BSU18350
galM,no,BSU18360
yoeA,no,BSU18370
iseA,no,BSU18380
yoeC,no,BSU18390
yoeD,no,BSU18400
ggt,no,BSU18410
yofA,no,BSU18420
yogA,no,BSU18430
gltB,no,BSU18440
gltA,no,BSU18450
gltC,No,BSU18460
proJ,no,BSU18470
proH,no,BSU18480
rtp,no,BSU18490
yoxD,no,BSU18500
yoxC,no,BSU18510
yoxB,no,BSU18520
yoaA,no,BSU18530
yoaB,no,BSU18540
yoaC,no,BSU18550
yoaD,no,BSU18560
yoaE,no,BSU18570
yoaF,no,BSU18580
yoaG,no,BSU18590
BSU_18595,,BSU18595
BSU_18596,,BSU18596
yozQ,no,BSU18600
yoaH,no,BSU18610
yoaI,no,BSU18620
yoaJ,no,BSU18630
yoaK,no,BSU18640
pelB,no,BSU18650
yoaM,no,BSU18660
yozS,-,BSU18669
oxdD,no,BSU18670
yoaO,no,BSU18680
BSU_18689,,BSU18689
yoaP,no,BSU18690
yoaQ,no,BSU18700
yozT,-,BSU18709
yozF,no,BSU18710
yoaR,no,BSU18720
yoaS,no,BSU18730
yozG,no,BSU18740
yoaT,no,BSU18750
yoaU,no,BSU18760
yoaV,no,BSU18770
yoaW,no,BSU18780
yoaZ,no,BSU18790
penP,no,BSU18800
yobA,no,BSU18810
yozU,-,BSU18819
yobB,no,BSU18820
pps,no,BSU18830
xynA,no,BSU18840
yozV,-,BSU18849
yobD,no,BSU18850
yozH,no,BSU18860
yozI,no,BSU18870
yobE,no,BSU18880
yobF,no,BSU18890
yozW,-,BSU18898
yozX,-,BSU18899
yozJ,no,BSU18900
yozY,-,BSU18908
yozZ,-,BSU18909
rapK,no,BSU18910
phrK,no,BSU18920
yobH,no,BSU18930
yozK,no,BSU18940
yozL,no,BSU18950
yozM,no,BSU18960
yobI,no,BSU18970
bsrE,,BSU18978
yoyA,-,BSU18979
yobJ,no,BSU18980
yobK,no,BSU18990
yobL,no,BSU19000
yobM,no,BSU19010
yobN,no,BSU19020
yobO,no,BSU19030
csaA,no,BSU19040
yobQ,no,BSU19050
yobR,no,BSU19060
yobS,no,BSU19070
yobT,no,BSU19080
yobU,no,BSU19090
yobV,no,BSU19100
yobW,no,BSU19110
czrA,no,BSU19120
yocA,no,BSU19130
ctaM,no,BSU19140
yocB,no,BSU19150
yocC,no,BSU19160
yocD,no,BSU19170
des,no,BSU19180
desK,no,BSU19190
desR,no,BSU19200
yocH,no,BSU19210
recQ,no,BSU19220
azoR1,no,BSU19230
yocK,no,BSU19240
yocL,no,BSU19250
yoyB,-,BSU19259
yocM,no,BSU19260
yozN,no,BSU19270
yocN,no,BSU19280
yozO,no,BSU19290
yozC,no,BSU19300
dhaS,no,BSU19310
sqhC,no,BSU19320
sodF,no,BSU19330
yocR,no,BSU19340
yocS,no,BSU19350
odhB,no,BSU19360
odhA,no,BSU19370
yojO,no,BSU19380
yojN,no,BSU19390
yojM,no,BSU19400
cwlS,no,BSU19410
yojK,no,BSU19420
cdaS,no,BSU19430
yojI,no,BSU19440
rsbRC,no,BSU19450
bshB2,no,BSU19460
yojF,no,BSU19470
yoyC,no,BSU19479
yojE,no,BSU19480
gerT,no,BSU19490
yojB,no,BSU19510
yojA,no,BSU19520
yodA,no,BSU19530
yodB,no,BSU19540
nox,no,BSU19550
mhqD,no,BSU19560
mhqE,no,BSU19570
yoyD,-,BSU19579
yodF,no,BSU19580
ctpA,no,BSU19590
yodH,no,BSU19600
yodI,no,BSU19610
ldcB,no,BSU19620
deoD,no,BSU19630
yoyE,-,BSU19639
yodL,no,BSU19640
pgpB,no,BSU19650
yozD,no,BSU19660
yoyF,-,BSU19669
yodN,no,BSU19670
yozE,no,BSU19680
yokU,-,BSU19689
kamA,no,BSU19690
yodP,no,BSU19700
yodQ,no,BSU19710
yodR,no,BSU19720
yodS,no,BSU19730
yodT,no,BSU19740
BSU_19745,,BSU19745
yoyG,-,BSU19749
cgeE,no,BSU19750
cgeD,no,BSU19760
cgeC,no,BSU19770
cgeA,no,BSU19780
cgeB,no,BSU19790
phy,no,BSU19800
yodU,no,BSU19810
sprB,no,BSU19820
yotM,no,BSU19830
yotL,no,BSU19840
yotK,no,BSU19850
yotJ,no,BSU19860
yotI,no,BSU19870
yotH,no,BSU19880
yotG,no,BSU19890
yotF,no,BSU19900
yotE,no,BSU19910
BSU_19915,,BSU19915
yotD,no,BSU19920
yotC,no,BSU19930
yotB,no,BSU19940
sspC,no,BSU19950
yosX,no,BSU19970
yosW,no,BSU19980
yosV,no,BSU19990
yojW,-,BSU19999
yosU,no,BSU20000
yosT,no,BSU20010
yosS,no,BSU20020
yosR,no,BSU20030
yosP,no,BSU20040
yosQ,no,BSU20050
nrdEB,no,BSU20060
yosM,no,BSU20070
yosL,no,BSU20080
yosK,no,BSU20090
yosJ,no,BSU20100
yosI,no,BSU20110
yosH,no,BSU20120
yosG,no,BSU20130
yosF,no,BSU20140
yosE,no,BSU20150
yosD,no,BSU20160
yosC,no,BSU20170
yosB,no,BSU20180
yosA,no,BSU20190
yorZ,no,BSU20200
yorY,no,BSU20210
yorX,no,BSU20220
yorW,no,BSU20230
yorV,no,BSU20240
mtbP,no,BSU20250
yorT,no,BSU20260
yorS,no,BSU20270
yorR,no,BSU20280
yorQ,no,BSU20290
yorP,no,BSU20300
yorO,no,BSU20310
yorN,no,BSU20320
yorM,no,BSU20330
yorL,no,BSU20340
yorK,no,BSU20350
yorJ,no,BSU20360
yorI,no,BSU20370
yorH,no,BSU20380
yorG,no,BSU20390
yorF,no,BSU20400
yorE,no,BSU20410
yorD,no,BSU20420
yorC,no,BSU20430
yorB,no,BSU20440
yorA,no,BSU20450
pghZ,no,BSU20460
yoqY,no,BSU20470
yoqX,no,BSU20480
yoqW,no,BSU20490
ligB,no,BSU20500
yoqU,no,BSU20510
yoqT,no,BSU20520
yoqS,no,BSU20530
yoqR,no,BSU20540
yoqP,no,BSU20550
yoqO,no,BSU20560
yoqN,no,BSU20570
yoqM,no,BSU20580
yoqL,no,BSU20590
yoqK,no,BSU20600
yoqJ,no,BSU20610
yoqI,no,BSU20620
yoqH,no,BSU20630
yoqG,no,BSU20640
yoqF,no,BSU20650
yoqE,no,BSU20660
yoqD,no,BSU20670
yoqC,no,BSU20680
yoqB,no,BSU20690
yoqA,no,BSU20700
yopZ,no,BSU20710
yopY,no,BSU20720
yopX,no,BSU20730
yopW,no,BSU20740
yopV,no,BSU20750
yopU,no,BSU20760
yopT,no,BSU20770
yopS,no,BSU20780
mrpR,no,BSU20790
yopQ,no,BSU20800
yopP,no,BSU20810
yopO,no,BSU20820
yopN,no,BSU20830
yopM,no,BSU20840
aimP,no,BSU20850
aimR,no,BSU20860
yopJ,no,BSU20870
yopI,no,BSU20880
yopH,no,BSU20890
yopG,no,BSU20900
yopF,no,BSU20910
yopE,no,BSU20920
yoyH,-,BSU20928
yoyI,-,BSU20929
yopD,no,BSU20930
yopC,no,BSU20940
yopB,no,BSU20950
yopA,no,BSU20960
yonX,no,BSU20970
yonV,no,BSU20980
yonU,no,BSU20990
yoyJ,-,BSU20999
yonT,no,BSU21000
yonS,no,BSU21010
yonR,no,BSU21020
yonP,no,BSU21030
yonO,no,BSU21040
yonN,no,BSU21050
BSU_21058,,BSU21058
yonK,no,BSU21060
yonJ,no,BSU21070
yonI,no,BSU21080
yonH,no,BSU21090
yonG,no,BSU21100
yonF,no,BSU21110
yonE,no,BSU21120
yonD,no,BSU21130
yonC,no,BSU21140
yonB,no,BSU21150
yonA,no,BSU21160
yomZ,no,BSU21170
yomY,no,BSU21180
yomX,no,BSU21190
yomW,no,BSU21200
yomV,no,BSU21210
yomU,no,BSU21220
youA,-,BSU21229
yomT,no,BSU21230
yomS,no,BSU21240
yomR,no,BSU21250
yomQ,no,BSU21260
yomP,no,BSU21270
yomO,no,BSU21280
yomN,no,BSU21290
yomM,no,BSU21300
yozP,no,BSU21310
yomL,no,BSU21320
youB,-,BSU21329
yomK,no,BSU21330
yomJ,no,BSU21340
cwlP,no,BSU21350
yomH,no,BSU21360
yomG,no,BSU21370
yomF,no,BSU21380
yomE,no,BSU21390
yomD,no,BSU21400
BSU_21409,,BSU21409
blyA,no,BSU21410
bhlA,no,BSU21420
bhlB,no,BSU21430
bdbB,no,BSU21440
sunS,no,BSU21450
bdbA,no,BSU21460
sunT,no,BSU21470
sunA,no,BSU21480
sunI,no,BSU21490
uvrX,no,BSU21500
yolD,no,BSU21510
yolC,no,BSU21520
yolB,no,BSU21530
yolA,no,BSU21540
bsrG,no,BSU21546
yokL,no,BSU21550
yokK,no,BSU21560
yokJ,no,BSU21570
yokI,no,BSU21580
yokH,no,BSU21590
yoyK/1,-,BSU21598
yoyK/2,-,BSU21599
yokG,no,BSU21600
yokF,no,BSU21610
yokE,no,BSU21620
yokD,no,BSU21630
BSU_21638,,BSU21638
BSU_21639,,BSU21639
yokC,no,BSU21640
yokB,no,BSU21650
sprA,no,BSU21660
ypqP,no,BSU21670
msrB,,BSU21680
msrA,no,BSU21690
ypoP,no,BSU21700
ypnP,no,BSU21710
ypmT,no,BSU21720
ypmS,no,BSU21730
ypmR,no,BSU21740
sco,no,BSU21750
ypmP,no,BSU21760
ilvA,no,BSU21770
yplP,no,BSU21780
trhA,no,BSU21790
ypkP,no,BSU21800
dfrA,yes,BSU21810
thyB,no,BSU21820
ypjQ,no,BSU21830
ypjP,no,BSU21840
ypiP,no,BSU21850
brxA,no,BSU21860
ilvD,no,BSU21870
ypgR,no,BSU21880
ypgQ,no,BSU21890
bsaA,no,BSU21900
metA,no,BSU21910
ugtP,no,BSU21920
BSU_21925,,BSU21925
cspD,no,BSU21930
degR,no,BSU21940
ypzA,no,BSU21950
ypeQ,no,BSU21960
ypeP,no,BSU21970
ypdP,no,BSU21980
ypdQ,no,BSU21990
sspL,no,BSU22000
fenA,no,BSU22010
ypzF,-,BSU22019
ypbS,no,BSU22020
dynA,no,BSU22030
fbpC,,BSU22036
bpsB,no,BSU22040
bpsA,no,BSU22050
pbuX,no,BSU22060
xpt,no,BSU22070
ypwA,no,BSU22080
kdgT,no,BSU22090
kdgA,no,BSU22100
kdgK,no,BSU22110
kdgR,no,BSU22120
kduI,no,BSU22130
kduD,no,BSU22140
ypvA,no,BSU22150
yptA,no,BSU22160
ypzG,-,BSU22169
ypsC,no,BSU22170
gpsB,no,BSU22180
ypsA,no,BSU22190
cotD,no,BSU22200
BSU_22205,,BSU22205
mrfB,no,BSU22210
mrfA,no,BSU22220
ptsA,no,BSU22230
ypqA,no,BSU22240
yppG,no,BSU22250
yppF,no,BSU22260
yppE,no,BSU22270
yppD,no,BSU22280
sspM,no,BSU22290
yppC,no,BSU22300
recU,no,BSU22310
ponA,no,BSU22320
ypoC,no,BSU22330
nth,no,BSU22340
dnaD,yes,BSU22350
asnS,no,BSU22360
aspB,no,BSU22370
tseB,no,BSU22380
ypmA,no,BSU22390
dinG,no,BSU22400
panD,no,BSU22410
panC,quasi,BSU22420
panB,quasi,BSU22430
birA,yes,BSU22440
cca,yes,BSU22450
bshA,no,BSU22460
bshB1,no,BSU22470
mgsA,no,BSU22480
dapB,yes,BSU22490
ypjD,no,BSU22500
ypjC,no,BSU22510
ypjB,no,BSU22520
lhaT,no,BSU22530
qcrC,no,BSU22540
qcrB,no,BSU22550
qcrA,no,BSU22560
ypiF,no,BSU22570
reoY,no,BSU22580
ypiA,no,BSU22590
aroE,yes,BSU22600
tyrA,no,BSU22610
hisC,no,BSU22620
trpA,no,BSU22630
trpB,no,BSU22640
trpF,no,BSU22650
trpC,no,BSU22660
trpD,no,BSU22670
trpE,no,BSU22680
aroH,no,BSU22690
aroB,no,BSU22700
aroF,yes,BSU22710
cheR,no,BSU22720
ndk,no,BSU22730
hepT,no,BSU22740
menH,no,BSU22750
hepS,no,BSU22760
mtrB,no,BSU22770
folE,yes,BSU22780
hbs,yes,BSU22790
spoIVA,no,BSU22800
yphF,no,BSU22810
yphE,no,BSU22820
gpsA,no,BSU22830
engA,yes,BSU22840
ypzH,-,BSU22849
seaA,no,BSU22850
yphA,no,BSU22860
ypzI,-,BSU22869
fni,no,BSU22870
rpsA,no,BSU22880
cmk,yes,BSU22890
ypfB,no,BSU22900
motI,no,BSU22910
ypeB,no,BSU22920
sleB,no,BSU22930
prsW,no,BSU22940
bdr,no,BSU22950
gudB,no,BSU22960
ypbH,no,BSU22970
upsH,no,BSU22980
ypbF,no,BSU22990
ypbE,no,BSU23000
ypbD,no,BSU23010
recS,no,BSU23020
ypbB,no,BSU23030
fer,no,BSU23040
ribU,no,BSU23050
ypzE,no,BSU23060
serA,no,BSU23070
aroC,no,BSU23080
rsiX,no,BSU23090
sigX,no,BSU23100
resE,no,BSU23110
resD,no,BSU23120
resC,no,BSU23130
resB,no,BSU23140
resA,no,BSU23150
rluB,no,BSU23160
spmB,no,BSU23170
spmA,no,BSU23180
dacB,no,BSU23190
ypuI,no,BSU23200
scpB,no,BSU23210
scpA,yes,BSU23220
ypuF,no,BSU23230
ribT,no,BSU23240
ribH,no,BSU23250
ribA,no,BSU23260
ribE,no,BSU23270
ribD,no,BSU23280
ypuD,no,BSU23300
sipS,no,BSU23310
ypzC,no,BSU23320
ypzJ,-,BSU23328
ypuC/1,no,BSU23329
ypuC/2,no,BSU23330
ypuB,no,BSU23340
BSU_23349,,BSU23349
ypzD,no,BSU23350
ppiB,no,BSU23360
ypuA,no,BSU23370
lysA,no,BSU23380
spoVAF,no,BSU23390
spoVAEA,no,BSU23401
spoVAEB,no,BSU23402
spoVAD,no,BSU23410
spoVAC,no,BSU23420
spoVAB,no,BSU23430
spoVAA,no,BSU23440
sigF,no,BSU23450
spoIIAB,no,BSU23460
spoIIAA,no,BSU23470
dacF,no,BSU23480
pupG,no,BSU23490
drm,no,BSU23500
xerD,no,BSU23510
yqzK,-,BSU23519
fur,no,BSU23520
spoIIM,no,BSU23530
brfA,no,BSU23540
mleA,no,BSU23550
mleN,no,BSU23560
ansB,no,BSU23570
ansA,no,BSU23580
ansR,no,BSU23590
yqxK,no,BSU23600
nudF,no,BSU23610
mciZ,no,BSU23616
yqkF,no,BSU23620
yqkE,no,BSU23630
yqkD,no,BSU23640
yqkC,no,BSU23650
yqkB,no,BSU23660
yqkA,no,BSU23670
yqjZ,no,BSU23680
yqjY,no,BSU23690
yqjX,no,BSU23700
polY2,no,BSU23710
yqzH,no,BSU23720
yqjV,no,BSU23730
yqjU,no,BSU23740
yqjT,no,BSU23750
coaA,no,BSU23760
dsdA,no,BSU23770
yqjQ,no,BSU23780
yqjP,no,BSU23790
proI,no,BSU23800
yqjN,no,BSU23810
yqjM,no,BSU23820
ushA,no,BSU23830
rpmGCc,,BSU23836
rpmGCn,,BSU23837
rnz,yes,BSU23840
zwf,no,BSU23850
gndA,no,BSU23860
polY1,no,BSU23870
mifM,no,BSU23880
yidC2,no,BSU23890
yqjF,no,BSU23900
yqjE,no,BSU23910
yqjD,no,BSU23920
yqjC,no,BSU23930
yqjB,no,BSU23940
yqjA,no,BSU23950
artR,no,BSU23960
artQ,no,BSU23970
artP,no,BSU23980
brxB,no,BSU23990
bmrU,no,BSU24000
bmr,no,BSU24010
bmrR,no,BSU24020
bkdB,no,BSU24030
bkdAB,no,BSU24040
bkdAA,no,BSU24050
lpdV,no,BSU24060
buk,no,BSU24070
bcd,no,BSU24080
ptb,no,BSU24090
bkdR,no,BSU24100
yqzF,no,BSU24110
mmgF,no,BSU24120
mmgE,no,BSU24130
mmgD,no,BSU24140
mmgC,no,BSU24150
mmgB,no,BSU24160
mmgA,no,BSU24170
yqiK,no,BSU24180
yqiI,no,BSU24190
yqiH,no,BSU24200
BSU_24205,,BSU24205
yqiG,no,BSU24210
spo0A,no,BSU24220
spoIVB,no,BSU24230
recN,no,BSU24240
ahrC,no,BSU24250
tlyA,no,BSU24260
dxs,yes,BSU24270
yqiD,no,BSU24280
xseB,no,BSU24290
xseA,no,BSU24300
folD,no,BSU24310
nusB,no,BSU24320
rfaA,quasi,BSU24330
accC,yes,BSU24340
accB,yes,BSU24350
spoIIIAH,no,BSU24360
spoIIIAG,no,BSU24370
spoIIIAF,no,BSU24380
spoIIIAE,no,BSU24390
spoIIIAD,no,BSU24400
spoIIIAC,no,BSU24410
spoIIIAB,no,BSU24420
spoIIIAA,no,BSU24430
yqhV,no,BSU24440
efp,no,BSU24450
papA,no,BSU24460
yqhS,no,BSU24470
figP,no,BSU24480
yqhQ,no,BSU24490
yqhP,no,BSU24500
yqhO,no,BSU24510
mntR,no,BSU24520
lipM,no,BSU24530
yqhL,no,BSU24540
gcvPB,no,BSU24550
gcvPA,no,BSU24560
gcvT,no,BSU24570
yqhH,no,BSU24580
yqhG,no,BSU24590
sinI,no,BSU24600
sinR,no,BSU24610
tasA,no,BSU24620
sipW,no,BSU24630
tapA,no,BSU24640
yqzG,no,BSU24650
spoIIIL,no,BSU24660
comGG,no,BSU24670
comGF,no,BSU24680
comGE,no,BSU24690
comGD,no,BSU24700
comGC,no,BSU24710
comGB,no,BSU24720
comGA,no,BSU24730
corA,no,BSU24740
yqhB,no,BSU24750
rsbRD,no,BSU24760
mgsR,no,BSU24770
yqgY,no,BSU24780
yqgX,no,BSU24790
yqgW,no,BSU24800
yqgV,no,BSU24810
yqgU,no,BSU24820
yqgT,no,BSU24830
yqgS,no,BSU24840
glcK,no,BSU24850
yqgQ,no,BSU24860
yqgP,no,BSU24870
yqgO,no,BSU24880
yqgN,no,BSU24890
rpmGA,no,BSU24900
yqgM,no,BSU24910
yqgL,no,BSU24920
sweD,no,BSU24930
sweC,no,BSU24940
pstBB,no,BSU24950
pstBA,no,BSU24960
pstA,no,BSU24970
pstC,no,BSU24980
pstS,no,BSU24990
pbpA,no,BSU25000
yqgE,no,BSU25010
sodA,no,BSU25020
yqgC,no,BSU25030
yqgB,no,BSU25040
yqgA,no,BSU25050
spoIIIM,no,BSU25060
ispG,yes,BSU25070
yqfX,no,BSU25080
yqfW,no,BSU25090
zur,no,BSU25100
yqfU,no,BSU25110
yqfT,no,BSU25120
nfo,no,BSU25130
cshB,no,BSU25140
yqfQ,no,BSU25150
ispH,yes,BSU25160
yqfO,no,BSU25170
trmK,no,BSU25180
cccA,no,BSU25190
sigA,yes,BSU25200
dnaG,yes,BSU25210
antE,no,BSU25220
yqxD,no,BSU25230
yqfL,no,BSU25240
ccpN,no,BSU25250
glyS,yes,BSU25260
glyQ,yes,BSU25270
recO,no,BSU25280
yqzL,-,BSU25289
era,yes,BSU25290
cdd,no,BSU25300
dgkA,no,BSU25310
yqfG,yes,BSU25320
pgpH,no,BSU25330
phoH,no,BSU25340
yqfD,no,BSU25350
yqfC,no,BSU25360
yqfB,no,BSU25370
floA,no,BSU25380
yqeZ,no,BSU25390
yqeY,no,BSU25400
rpsU,no,BSU25410
yqeW,no,BSU25420
yqeV,no,BSU25430
yqeU,no,BSU25440
yqeT,no,BSU25450
dnaJ,no,BSU25460
dnaK,no,BSU25470
grpE,no,BSU25480
hrcA,no,BSU25490
hemN,no,BSU25500
lepA,no,BSU25510
yqxA,no,BSU25520
spoIIP,no,BSU25530
gpr,no,BSU25540
rpsT,no,BSU25550
holA,yes,BSU25560
BSU_25565,,BSU25565
yqzM,-,BSU25569
comEC,no,BSU25570
comEB,no,BSU25580
comEA,no,BSU25590
comER,no,BSU25600
yqeM,no,BSU25610
yqeL,no,BSU25620
yqeK,no,BSU25630
nadD,yes,BSU25640
yqeI,no,BSU25650
aroD,no,BSU25660
yqeH,no,BSU25670
pgpP,yes,BSU25680
sda,no,BSU25690
yqeF,no,BSU25700
cwlH,no,BSU25710
yqeD,no,BSU25720
yqeC,no,BSU25730
yqeB,no,BSU25740
nucB,no,BSU25750
sigK,no,BSU25760
spoIVCA,no,BSU25770
arsC,no,BSU25780
arsB,no,BSU25790
yqcK,no,BSU25800
arsR,no,BSU25810
yqcI,no,BSU25820
rapE,no,BSU25830
phrE,no,BSU25840
yqzI,no,BSU25850
yqcG,yes,BSU25860
yqcF,yes,BSU25870
BSU_25875,,BSU25875
yqxJ,no,BSU25880
yqxI,no,BSU25890
cwlA,no,BSU25900
yqxH,no,BSU25910
yqxG,no,BSU25920
yqcE,no,BSU25930
yqcD,no,BSU25940
yqcC,no,BSU25950
yqcB,no,BSU25960
yqcA,no,BSU25970
yqbT,no,BSU25980
yqbS,no,BSU25990
yqbR,no,BSU26000
yqbQ,no,BSU26010
yqbP,no,BSU26020
yqbO,no,BSU26030
yqbN/1,no,BSU26039
yqbN/2,no,BSU26040
txpA,no,BSU26050
bsrH,,BSU26055
yqbM,no,BSU26060
yqbK,no,BSU26075
yqzN,-,BSU26089
yqbJ,no,BSU26090
yqbI,no,BSU26100
yqbH,no,BSU26110
yqbG,no,BSU26120
yqbF,no,BSU26130
yqbE,no,BSU26140
yqbD,no,BSU26150
yqbC,no,BSU26160
yqbB,no,BSU26170
yqbA,no,BSU26180
yqaT,no,BSU26190
yqaS,no,BSU26200
yqaR,no,BSU26210
yqaQ,no,BSU26220
yqaP,no,BSU26230
yqaO,no,BSU26240
yqaN,no,BSU26250
yqzO,-,BSU26259
yqaM,no,BSU26260
yqaL,no,BSU26270
yqaK,no,BSU26280
yqaJ,no,BSU26290
yqaI,no,BSU26300
BSU_26305,,BSU26305
yqaH,no,BSU26310
yqaG,no,BSU26320
yqdA,no,BSU26330
yqaF,no,BSU26340
sknR,yes,BSU26350
yqaD,no,BSU26360
yqaC,no,BSU26370
yqaB,no,BSU26380
sigKC,no,BSU26390
BSU_26399,,BSU26399
yrkS,no,BSU26400
yrkR,no,BSU26410
yrkQ,no,BSU26420
yrkP,no,BSU26430
yrkO,no,BSU26440
BSU_26449,,BSU26449
yrkN,no,BSU26450
yrkL,no,BSU26470
yrkK,no,BSU26480
yrkJ,no,BSU26490
yrkI,no,BSU26500
yrkH,no,BSU26510
yrkF,no,BSU26530
yrkE,no,BSU26540
yrkD,no,BSU26550
yrzM,-,BSU26558
yrzN,-,BSU26559
yrkC,no,BSU26560
BSU_26569,,BSU26569
yrkB,no,BSU26570
bltR,no,BSU26580
blt,no,BSU26590
bltD,no,BSU26600
yrkA,no,BSU26610
yrzO,-,BSU26619
yrdR,no,BSU26620
yrdQ,no,BSU26630
czcO,no,BSU26640
czcD,no,BSU26650
yrdN,no,BSU26660
gltR,no,BSU26670
yrdK,no,BSU26680
brnQ,no,BSU26690
azlD,no,BSU26700
azlC,no,BSU26710
azlB,no,BSU26720
yrdF,no,BSU26730
cypA,no,BSU26740
yrdD/1,no,BSU26748
yrdD/2,no,BSU26749
yrdD,no,BSU26750
yrdC,no,BSU26760
yrdB,no,BSU26770
bstE,no,BSU26780
aadK,no,BSU26790
yrpB,no,BSU26800
yrpC,no,BSU26810
yrpD,no,BSU26820
yrpDX,,BSU26826
BSU_26827,,BSU26827
BSU_26829,,BSU26829
zinT,no,BSU26830
sigZ,no,BSU26840
yrpG,no,BSU26850
yraO,no,BSU26860
yraN,no,BSU26870
yraM,no,BSU26880
csn,no,BSU26890
yraL,no,BSU26900
yraK,no,BSU26910
yraJ,no,BSU26920
yraI,no,BSU26930
BSU_26935,,BSU26935
yraH,no,BSU26940
yraG,no,BSU26950
yraF,no,BSU26960
adhB,no,BSU26970
yraE,no,BSU26980
yraD,no,BSU26990
adhR,no,BSU27000
yrzP,-,BSU27009
adhA,no,BSU27010
yraA,no,BSU27020
sacC,no,BSU27030
BSU_27035,,BSU27035
levG,no,BSU27040
levF,no,BSU27050
levE,no,BSU27060
levD,no,BSU27070
levR,no,BSU27080
BSU_27085,,BSU27085
aapA,no,BSU27090
yrhP,no,BSU27100
yrhO,no,BSU27110
sigV,no,BSU27120
rsiV,no,BSU27130
oatA,no,BSU27140
yrhK,no,BSU27150
yrhJ,no,BSU27160
fatR,no,BSU27170
yrhH,no,BSU27180
BSU_27185,,BSU27185
spyT,no,BSU27190
yrhG,no,BSU27200
yrhF,no,BSU27210
forC2,no,BSU27220
forE2,no,BSU27230
yrhC,no,BSU27240
mccB,no,BSU27250
mccA,no,BSU27260
mtnN,no,BSU27270
yrrT,no,BSU27280
yrzA,no,BSU27290
ragB,no,BSU27300
pbpI,no,BSU27310
greA,no,BSU27320
udk,no,BSU27330
yrrO,no,BSU27340
yrrN,no,BSU27350
trmR,no,BSU27360
mltG,no,BSU27370
yrzB,no,BSU27380
yrrK,no,BSU27390
reoM,no,BSU27400
alaS,yes,BSU27410
yrrI,no,BSU27420
glnQ,no,BSU27430
glnH,no,BSU27440
glnM,no,BSU27450
glnP,no,BSU27460
yrzQ,-,BSU27468
yrzR,-,BSU27469
yrrD,no,BSU27470
recD2,no,BSU27480
yrrB,no,BSU27490
trmU,yes,BSU27500
yrvO,yes,BSU27510
cymR,no,BSU27520
rarA,no,BSU27530
yrvM,no,BSU27540
aspS,yes,BSU27550
hisS,yes,BSU27560
yrzK,no,BSU27570
yrvJ,no,BSU27580
dtd,no,BSU27590
rel,no,BSU27600
apt,no,BSU27610
recJ,no,BSU27620
yrvD,no,BSU27630
yrvC,no,BSU27640
secDF,no,BSU27650
comN,no,BSU27660
spoVB,no,BSU27670
yrbG,no,BSU27680
yrzE,no,BSU27690
yrbF,no,BSU27700
tgt,no,BSU27710
queA,no,BSU27720
yrzS,-,BSU27729
ruvB,no,BSU27730
ruvA,no,BSU27740
bofC,no,BSU27750
csbX,no,BSU27760
yrbE,no,BSU27770
yrzF,no,BSU27785
BSU_27786,,BSU27786
yrzH,no,BSU27800
yrzT,-,BSU27809
yrbD,no,BSU27810
yrbC,no,BSU27820
coxA,no,BSU27830
safA,no,BSU27840
nadA,no,BSU27850
nadC,no,BSU27860
nadB,no,BSU27870
nifS,no,BSU27880
nadR,no,BSU27890
pheA,no,BSU27900
thrR,no,BSU27910
obg,Yes,BSU27920
spo0B,no,BSU27930
BSU_27935,,BSU27935
rpmA,yes,BSU27940
prp,yes,BSU27950
rplU,yes,BSU27960
spoIVFB,no,BSU27970
spoIVFA,no,BSU27980
minD,no,BSU27990
minC,no,BSU28000
mreD,yes,BSU28010
mreC,yes,BSU28020
mreB,yes,BSU28030
radC,no,BSU28040
maf,no,BSU28050
spoIIB,no,BSU28060
comC,no,BSU28070
folC,yes,BSU28080
valS,yes,BSU28090
yszA,-,BSU28099
ysxE,no,BSU28100
spoVID,no,BSU28110
hemL,no,BSU28120
hemB,no,BSU28130
hemD,no,BSU28140
hemC,no,BSU28150
hemX,no,BSU28160
hemA,no,BSU28170
ysxD,no,BSU28180
ysxC,yes,BSU28190
lonA,no,BSU28200
lonB,no,BSU28210
clpX,no,BSU28220
tig,no,BSU28230
ddcA,no,BSU28240
leuD,no,BSU28250
leuC,no,BSU28260
leuB,no,BSU28270
leuA,no,BSU28280
ilvC,no,BSU28290
ilvH,no,BSU28300
ilvB,no,BSU28310
ysnD,no,BSU28320
ysnE,no,BSU28330
ysnF,no,BSU28340
ysnB,no,BSU28350
ysnA,no,BSU28360
rph,no,BSU28370
gerM,no,BSU28380
racE,yes,BSU28390
ysmB,no,BSU28400
gerE,no,BSU28410
ysmA,no,BSU28420
sdhB,no,BSU28430
sdhA,no,BSU28440
sdhC,no,BSU28450
yslB,no,BSU28460
lysC,no,BSU28470
lysCB,,BSU28475
uvrC,no,BSU28490
trxA,yes,BSU28500
BSU_28509,,BSU28509
abf2,no,BSU28510
etfA,no,BSU28520
etfB,no,BSU28530
fadB,no,BSU28540
fadR,no,BSU28550
lcfA,no,BSU28560
yshE,no,BSU28570
rqcU,no,BSU28580
polX,no,BSU28590
yshB,no,BSU28600
zapA,no,BSU28610
rnhC,no,BSU28620
pheT,yes,BSU28630
pheS,yes,BSU28640
BSU_28645,,BSU28645
rlmP,no,BSU28650
sspI,no,BSU28660
ysfB,no,BSU28670
glcD,no,BSU28680
glcF,no,BSU28690
ysfE,no,BSU28700
BSU_28709,,BSU28709
cstA,no,BSU28710
abfA,no,BSU28720
araQ,no,BSU28730
araP,no,BSU28740
araN,no,BSU28750
araM,no,BSU28760
araL,no,BSU28770
araD,no,BSU28780
araB,no,BSU28790
araA,no,BSU28800
abnA,no,BSU28810
ysdC,no,BSU28820
ysdB,no,BSU28830
ysdA,no,BSU28840
rplT,yes,BSU28850
rpmI,no,BSU28860
infC,yes,BSU28870
yscB,no,BSU28890
pftB,no,BSU28900
pftA,no,BSU28910
lytT,no,BSU28920
lytS,no,BSU28930
serB,no,BSU28940
thrS,no,BSU28950
ytxC,no,BSU28960
ytxB,no,BSU28970
dnaI,yes,BSU28980
dnaB,yes,BSU28990
nrdR,no,BSU29000
speD,no,BSU29010
gapB,no,BSU29020
ytcD,no,BSU29030
ytbD,no,BSU29040
ytbE,no,BSU29050
coaE,yes,BSU29060
ytaF,no,BSU29070
mutM,no,BSU29080
polA,no,BSU29090
phoR,no,BSU29100
phoP,no,BSU29110
mdh,no,BSU29120
icd,no,BSU29130
citZ,no,BSU29140
ytwI,no,BSU29150
ytvI,no,BSU29160
ytzA,no,BSU29170
pyk,no,BSU29180
pfkA,no,BSU29190
accA,yes,BSU29200
accD,yes,BSU29210
ytsJ,no,BSU29220
dnaE,yes,BSU29230
ytrH,no,BSU29239
ytrI,no,BSU29240
ytzJ,-,BSU29249
nrnA,no,BSU29250
ytpI,no,BSU29260
ytoI,no,BSU29270
ytnM,no,BSU29280
sndA,no,BSU29290
ribR,no,BSU29300
cmoJ,no,BSU29310
cmoI,no,BSU29320
cmoO,no,BSU29330
tcyN,no,BSU29340
tcyM,no,BSU29350
tcyL,no,BSU29360
tcyK,no,BSU29370
tcyJ,no,BSU29380
snaA,no,BSU29390
ascR,no,BSU29400
ytkL,no,BSU29410
ytkK,no,BSU29420
ytzD,no,BSU29430
argH,no,BSU29440
argG,no,BSU29450
moaB,no,BSU29460
ackA,no,BSU29470
BSU_29479,,BSU29479
ytxK,no,BSU29480
tpx,no,BSU29490
gerW,no,BSU29500
ytfI,no,BSU29510
sppI,no,BSU29520
sppA,no,BSU29530
ytdI,no,BSU29540
ytcJ,no,BSU29550
ytcI,no,BSU29560
sspA,no,BSU29570
thiI,no,BSU29580
nifZ,no,BSU29590
braB,no,BSU29600
ezrA,no,BSU29610
hisJ,no,BSU29620
refZ,no,BSU29630
ytsP,no,BSU29640
dgcP,no,BSU29650
rpsD,yes,BSU29660
tyrS,quasi,BSU29670
ytzK,-,BSU29679
acsA,no,BSU29680
acuA,no,BSU29690
acuB,no,BSU29700
acuC,no,BSU29710
motS,no,BSU29720
motP,no,BSU29730
ccpA,no,BSU29740
aroA,no,BSU29750
brxC,no,BSU29760
ytxH,no,BSU29770
facZ,no,BSU29780
murC,yes,BSU29790
sftA,no,BSU29805
ytpR,no,BSU29820
ytpQ,no,BSU29830
ytpP,no,BSU29840
BSU_29845,,BSU29845
ytoQ,no,BSU29850
ytoP,no,BSU29860
ytzB,no,BSU29870
malS,no,BSU29880
ytnP,no,BSU29890
trmB,no,BSU29900
ytzH,no,BSU29910
ccrZ,no,BSU29920
amyX,no,BSU29930
ytlR,no,BSU29940
ytlQ,no,BSU29950
ytlP,no,BSU29960
ytkP,no,BSU29970
ytjP,no,BSU29980
pbuO,no,BSU29990
ythQ,no,BSU30000
ythP,no,BSU30010
ytzE,no,BSU30020
ytzG,no,BSU30035
murJ,no,BSU30050
ytfP,no,BSU30060
opuD,no,BSU30070
yteV,no,BSU30080
yteU,no,BSU30090
yteT,no,BSU30100
yteS,no,BSU30110
yteR,no,BSU30120
yteP,no,BSU30135
rmgR,no,BSU30150
ytcQ,no,BSU30160
ytcP,no,BSU30170
ytbQ,no,BSU30180
bioI,no,BSU30190
bioB,no,BSU30200
bioD,no,BSU30210
bioF,no,BSU30220
bioA,no,BSU30230
bioW,no,BSU30240
ytaP,no,BSU30250
melR,no,BSU30260
melE,no,BSU30270
melD,no,BSU30280
melC,no,BSU30290
melA,no,BSU30300
ytwF,no,BSU30310
leuS,yes,BSU30320
ytvB,no,BSU30330
ytvA,no,BSU30340
yttB,no,BSU30350
yttA,no,BSU30360
bceB,no,BSU30370
bceA,no,BSU30380
bceS,no,BSU30390
bceR,no,BSU30400
ytrF,no,BSU30410
ytrE,no,BSU30420
ytrD,no,BSU30430
ytrC,no,BSU30440
ytrB,no,BSU30450
ytrA,no,BSU30460
ytrG,no,BSU30466
ytzC,no,BSU30470
mnmL,no,BSU30480
mnmM,no,BSU30490
ytpB,no,BSU30500
ytpA,no,BSU30510
ytoA,no,BSU30520
alaP,no,BSU30530
asnB,yes,BSU30540
metK,yes,BSU30550
pckA,no,BSU30560
ytmB,no,BSU30570
ytmA,no,BSU30580
ytlA,no,BSU30595
ytlC,no,BSU30610
ytlD,no,BSU30620
rppH,no,BSU30630
ytkC,no,BSU30640
dps,no,BSU30650
ytzI,-,BSU30659
ctaK,no,BSU30660
luxS,no,BSU30670
ytjA,no,BSU30680
ytiB,no,BSU30690
rpmEB,no,BSU30700
ythA,no,BSU30710
ythB,no,BSU30720
ytzL,no,BSU30739
mntD,no,BSU30740
mntC,no,BSU30750
mntB,no,BSU30760
mntA,no,BSU30770
menC,yes,BSU30780
menE,yes,BSU30790
menB,yes,BSU30800
ytxM,no,BSU30810
menD,yes,BSU30820
menF,no,BSU30830
yteA,no,BSU30840
ytdA,no,BSU30850
ytcA,no,BSU30860
ytcB,no,BSU30870
ytcC,no,BSU30880
ytxO,no,BSU30890
cotS,no,BSU30900
cotSA,no,BSU30910
cotI,no,BSU30920
ytaB,no,BSU30930
glgP,no,BSU30940
glgA,no,BSU30950
glgD,no,BSU30960
glgC,no,BSU30970
glgB,no,BSU30980
thiT,no,BSU30990
yuaI,no,BSU31000
floT,no,BSU31010
yuaF,no,BSU31020
bstB,no,BSU31030
yuaD,no,BSU31040
gbsB,no,BSU31050
gbsA,no,BSU31060
gbsR,no,BSU31070
bslA,no,BSU31080
ktrA,no,BSU31090
ktrB,no,BSU31100
yubF,no,BSU31110
lytG,no,BSU31120
yubD,no,BSU31130
cdoA,no,BSU31140
uppP,no,BSU31150
yubA,no,BSU31160
iolU,no,BSU31170
rhaA,no,BSU31180
rhaM,no,BSU31190
rhaB,no,BSU31200
rhaR,no,BSU31210
rhaEW,no,BSU31220
tlpB,no,BSU31230
mcpA,no,BSU31240
tlpA,no,BSU31250
mcpB,no,BSU31260
tgl,no,BSU31270
yuzH,-,BSU31279
yugU,no,BSU31280
BSU_31289,,BSU31289
yugT,no,BSU31290
yugS,no,BSU31300
yugP,no,BSU31310
yuzI,-,BSU31319
mstX,no,BSU31321
yugO,no,BSU31322
yugN,no,BSU31330
yugM,no,BSU31340
pgi,no,BSU31350
yugK,no,BSU31360
yugJ,no,BSU31370
yuzA,no,BSU31380
yugI,no,BSU31390
alaT,no,BSU31400
alaR,no,BSU31410
yugF,no,BSU31420
yugE,no,BSU31430
patB,no,BSU31440
kinB,no,BSU31450
kapB,no,BSU31460
kapD,no,BSU31470
yuxJ,no,BSU31480
pbpD,no,BSU31490
yuxK,no,BSU31500
yufK,no,BSU31510
malK,no,BSU31520
malR,no,BSU31530
nupN,no,BSU31540
nupO,no,BSU31550
nupP,no,BSU31560
nupQ,no,BSU31570
maeN,no,BSU31580
yufS,no,BSU31590
mrpA,yes,BSU31600
mrpB,yes,BSU31610
mrpC,yes,BSU31620
mrpD,yes,BSU31630
mrpE,yes,BSU31640
mrpF,yes,BSU31650
mrpG,yes,BSU31660
yuxO,no,BSU31670
comA,no,BSU31680
comP,no,BSU31690
comX,no,BSU31700
comQ,no,BSU31710
degQ,no,BSU31720
BSU_31725,,BSU31725
yuzC,no,BSU31730
pdeH,no,BSU31740
pncB,yes,BSU31750
pncA,no,BSU31760
yueI,no,BSU31770
yueH,no,BSU31780
yueG,no,BSU31790
yueF,no,BSU31800
yuzE,no,BSU31810
yuzF,no,BSU31820
yueE,no,BSU31830
yueD,no,BSU31840
yueC,no,BSU31850
yueB,no,BSU31860
yukB,no,BSU31875
essB,no,BSU31890
yukD,no,BSU31900
yukE,no,BSU31910
adeR,no,BSU31920
ald,no,BSU31930
yukJ,no,BSU31945
ybdZ,-,BSU31959
dhbF,no,BSU31960
dhbB,no,BSU31970
dhbE,no,BSU31980
dhbC,no,BSU31990
dhbA,no,BSU32000
besA,no,BSU32010
yuiH,no,BSU32020
yuiG,no,BSU32030
yuiF,no,BSU32040
yuiE,no,BSU32050
yuiD,no,BSU32060
yuiC,no,BSU32070
yuiB,no,BSU32080
yuiA,no,BSU32090
yumB,no,BSU32100
yumC,yes,BSU32110
yuzG,no,BSU32120
guaC,no,BSU32130
paiB,no,BSU32140
paiA,no,BSU32150
sufA,no,BSU32160
dapF,yes,BSU32170
yutK,no,BSU32180
yuzB,no,BSU32190
yutJ,no,BSU32200
yuzD,no,BSU32210
nfu,no,BSU32220
yuxL,no,BSU32230
thrB,no,BSU32240
thrC,no,BSU32250
hom,no,BSU32260
yutH,no,BSU32270
yutG,no,BSU32280
yutF,no,BSU32290
yutE,no,BSU32300
yutD,no,BSU32310
yutC,no,BSU32320
lipA,no,BSU32330
lytH,no,BSU32340
fisB,no,BSU32350
yunC,no,BSU32360
yunD,no,BSU32370
yunE,no,BSU32380
yunF,no,BSU32390
yunG,no,BSU32400
pucH,no,BSU32410
pucR,no,BSU32420
pucJ,no,BSU32430
pucK,no,BSU32440
pucL,no,BSU32450
pucM,no,BSU32460
yuzJ,-,BSU32469
pucE,no,BSU32470
pucD,no,BSU32480
pucC,no,BSU32490
pucB,no,BSU32500
pucA,no,BSU32510
pucG,no,BSU32520
pucF,no,BSU32530
BSU_32539,,BSU32539
yurI,no,BSU32540
frlP,no,BSU32550
frlR,no,BSU32560
frlD,no,BSU32570
frlM,no,BSU32580
frlN,no,BSU32590
frlO,no,BSU32600
frlB,no,BSU32610
yurQ,no,BSU32620
yurR,no,BSU32630
sspG,no,BSU32640
yurS,no,BSU32650
glxB,no,BSU32660
yuzN,-,BSU32669
sufB,yes,BSU32670
sufU,yes,BSU32680
sufS,yes,BSU32690
sufD,yes,BSU32700
sufC,yes,BSU32710
yuzK,-,BSU32719
yurZ,no,BSU32720
metQ,no,BSU32730
metP,no,BSU32740
metN,no,BSU32750
yusD,no,BSU32760
yusE,no,BSU32770
yusF,no,BSU32780
yusG,no,BSU32790
gcvH,no,BSU32800
yusI,no,BSU32810
fadE,no,BSU32820
fadA,no,BSU32830
fadN,no,BSU32840
yuzL,-,BSU32849
fadM,no,BSU32850
yuzM,-,BSU32859
yusN,no,BSU32860
mdtR,no,BSU32870
mdtP,no,BSU32880
yusQ,no,BSU32890
yusR,no,BSU32900
yusS,no,BSU32910
yusT,no,BSU32920
yusU,no,BSU32930
yusV,no,BSU32940
yusW,no,BSU32950
yusY/1,no,BSU32960
yusY,no,BSU32970
yusZ,no,BSU32980
mrgA,no,BSU32990
htrB,no,BSU33000
cssR,no,BSU33010
cssS,no,BSU33020
yirB,no,BSU33029
yuxN,no,BSU33030
citG,no,BSU33040
yvzF,-,BSU33049
gerAA,no,BSU33050
gerAB,no,BSU33060
gerAC,no,BSU33070
liaR,no,BSU33080
liaS,no,BSU33090
liaF,no,BSU33100
liaG,no,BSU33110
liaH,no,BSU33120
liaI,no,BSU33130
yvqJ,no,BSU33140
yvqK,no,BSU33150
yvrA,no,BSU33160
yvrB,no,BSU33170
yvrC,no,BSU33180
yvrD,no,BSU33190
yvrE,no,BSU33200
yvrG,no,BSU33210
yvrHb,no,BSU33221
rsoA,no,BSU33222
sigO,no,BSU33230
yvrJ,-,BSU33239
oxdC,no,BSU33240
rsiO,no,BSU33250
yvrN,no,BSU33260
yvrO,no,BSU33270
yvrP,no,BSU33280
fhuC,no,BSU33290
fhuG,no,BSU33300
fhuB,no,BSU33310
fhuD,no,BSU33320
yvsH,no,BSU33330
sspJ,no,BSU33340
yvsG,no,BSU33350
yvgJ,no,BSU33360
yvgK,no,BSU33370
yvgL,no,BSU33380
yvgM,no,BSU33390
yvgN,no,BSU33400
yvgO,no,BSU33410
nhaK,no,BSU33420
cysI,no,BSU33430
cysJ,no,BSU33440
helD,no,BSU33450
yvgT,no,BSU33460
bdbC,no,BSU33470
bdbD,no,BSU33480
cadA,no,BSU33490
copA,no,BSU33500
copZ,no,BSU33510
csoR,no,BSU33520
iolW,no,BSU33530
azoR2,no,BSU33540
yvaC,no,BSU33550
yvaD,no,BSU33560
yvaE,no,BSU33570
yvaF,no,BSU33580
yvaG,no,BSU33590
smpB,no,BSU33600
rnr,no,BSU33610
yvaK,no,BSU33620
secG,no,BSU33630
yvaM,no,BSU33640
yvzC,no,BSU33650
rghR,no,BSU33660
yvaO,no,BSU33670
catR,no,BSU33680
yvaQ,no,BSU33690
opuBD,no,BSU33700
opuBC,no,BSU33710
opuBB,no,BSU33720
opuBA,no,BSU33730
yvaV,no,BSU33740
sdpA,no,BSU33750
sdpB,no,BSU33760
sdpC,no,BSU33770
sdpI,no,BSU33780
sdpR,no,BSU33790
opuCD,no,BSU33800
opuCC,no,BSU33810
opuCB,no,BSU33820
opuCA,no,BSU33830
opcR,no,BSU33840
yvbG,no,BSU33850
yvbH,no,BSU33860
yvbI,no,BSU33870
yvbJ,no,BSU33880
yvbK,no,BSU33890
eno,Yes,BSU33900
pgm,Yes,BSU33910
tpi,no,BSU33920
pgk,No,BSU33930
gapA,Yes,BSU33940
cggR,no,BSU33950
araE,no,BSU33960
araR,no,BSU33970
yvbT,no,BSU33980
yvbU,no,BSU33990
yvbV,no,BSU34000
yvbW,no,BSU34010
yvbX,no,BSU34020
lutC,no,BSU34030
lutB,no,BSU34040
lutA,no,BSU34050
yvfU,no,BSU34060
yvfT,no,BSU34070
yvfS,no,BSU34080
yvfR,no,BSU34090
rsbQ,no,BSU34100
rsbP,no,BSU34110
ganB,no,BSU34120
ganA,no,BSU34130
ganQ,no,BSU34140
ganP,no,BSU34150
ganS,no,BSU34160
ganR,no,BSU34170
lutR,no,BSU34180
lutP,no,BSU34190
sigL,no,BSU34200
yvfG,no,BSU34210
epsO,no,BSU34220
epsN,no,BSU34230
epsM,no,BSU34240
epsL,no,BSU34250
epsK,no,BSU34265
epsJ,no,BSU34280
epsI,no,BSU34290
epsH,no,BSU34300
epsG,no,BSU34310
epsF,no,BSU34320
epsE,no,BSU34330
epsD,no,BSU34340
epsC,no,BSU34350
epsB,no,BSU34360
epsA,no,BSU34370
slrR,no,BSU34380
pnbA,no,BSU34390
BSU_34399,,BSU34399
padC,no,BSU34400
yveG,no,BSU34410
yveF,no,BSU34420
racX,no,BSU34430
pbpE,no,BSU34440
sacB,no,BSU34450
levB,no,BSU34460
yveA,no,BSU34470
yvdT,no,BSU34480
yvdS,no,BSU34490
yvdR,no,BSU34500
yvdQ,no,BSU34510
cotQ,no,BSU34520
cotR,no,BSU34530
clpP,no,BSU34540
pgcM,no,BSU34550
malL,no,BSU34560
yvdK,no,BSU34570
yvdJ,no,BSU34580
mdxG,no,BSU34590
mdxF,no,BSU34600
mdxE,no,BSU34610
yvdF,no,BSU34620
mdxR,no,BSU34630
yvdD,no,BSU34640
yvdC,no,BSU34650
yvdB,no,BSU34660
yvdA,no,BSU34670
yvcT,no,BSU34680
psdB,no,BSU34690
psdA,no,BSU34700
psdS,no,BSU34710
psdR,no,BSU34720
yvzJ,-,BSU34729
yvcN,no,BSU34730
crh,no,BSU34740
whiA,no,BSU34750
glmR,no,BSU34760
yvcJ,no,BSU34770
nahA,no,BSU34780
trxB,yes,BSU34790
cwlO,no,BSU34800
yvcD,no,BSU34810
bmrA,no,BSU34820
yvzA,no,BSU34830
yvcB,no,BSU34840
yvcA,no,BSU34850
hisI,no,BSU34860
hisF,no,BSU34870
hisA,no,BSU34880
hisH,no,BSU34890
hisB,no,BSU34900
hisD,no,BSU34910
hisG,no,BSU34920
hisZ,no,BSU34930
yvpB,no,BSU34940
pelC,no,BSU34950
yvoF,no,BSU34960
yvoE,no,BSU34970
yvoD,no,BSU34980
lgt,no,BSU34990
hprK,no,BSU35000
nagA,no,BSU35010
nagB,no,BSU35020
nagR,no,BSU35030
shfP,no,BSU35040
yvnA,no,BSU35050
cypX,no,BSU35060
yvmC,no,BSU35070
pchR,no,BSU35080
yvmA,no,BSU35090
yvlD,no,BSU35100
yvlC,no,BSU35110
yvlB,no,BSU35120
yvlA,no,BSU35130
yvkN,no,BSU35140
yvzB,no,BSU35150
uvrA,no,BSU35160
uvrB,no,BSU35170
csbA,no,BSU35180
yvkC,no,BSU35190
yvkB,no,BSU35200
yvkA,no,BSU35210
minJ,no,BSU35220
swrA,no,BSU35230
swrAA/2,no,BSU35239
ctpB,no,BSU35240
ftsX,no,BSU35250
ftsE,no,BSU35260
cccB,no,BSU35270
yvjA,no,BSU35280
prfB,yes,BSU35290
secA,yes,BSU35300
hpf,no,BSU35310
smiA,no,BSU35319
fliT,no,BSU35320
fliS,no,BSU35330
fliD,no,BSU35340
yvyC,no,BSU35350
hag,no,BSU35360
csrA,no,BSU35370
fliW,no,BSU35380
yviE,no,BSU35390
flgL,no,BSU35400
flgK,no,BSU35410
flgN,no,BSU35420
flgM,no,BSU35430
yvyF,no,BSU35440
comFC,no,BSU35450
comFB,no,BSU35460
comFA,no,BSU35470
degV,no,BSU35480
degU,no,BSU35490
degS,no,BSU35500
yvyE,no,BSU35510
tagV,no,BSU35520
tagO,yes,BSU35530
tuaH,no,BSU35540
tuaG,no,BSU35550
tuaF,no,BSU35560
tuaE,no,BSU35570
tuaD,no,BSU35580
tuaC,no,BSU35590
tuaB,yes,BSU35600
tuaA/1,no,BSU35609
tuaA/2,no,BSU35610
lytC,no,BSU35620
lytB,no,BSU35630
lytA,no,BSU35640
tagU,no,BSU35650
mnaA,yes,BSU35660
gtaB,no,BSU35670
BSU_35678,,BSU35678
yvzH,-,BSU35679
ggaB,no,BSU35680
ggaA,no,BSU35690
yvzI,-,BSU35698
yvzE,no,BSU35699
tagH,yes,BSU35700
tagG,yes,BSU35710
tagF,yes,BSU35720
tagE,no,BSU35730
tagD,yes,BSU35740
tagA,yes,BSU35750
tagB,yes,BSU35760
tagC,no,BSU35770
lytD,no,BSU35780
pmi,no,BSU35790
gerBA,no,BSU35800
gerBB,no,BSU35810
gerBC,no,BSU35820
ywtG,no,BSU35830
tagT,no,BSU35840
ywtE,no,BSU35850
pgdS,no,BSU35860
capE,no,BSU35870
capA,no,BSU35880
capC,no,BSU35890
capB,no,BSU35900
rbsR,no,BSU35910
rbsK,no,BSU35920
rbsD,no,BSU35930
rbsA,no,BSU35940
rbsC,no,BSU35950
rbsB,no,BSU35960
ywsB,no,BSU35970
ywsA,no,BSU35980
ywrO,no,BSU35990
alsD,no,BSU36000
alsS,no,BSU36010
alsR,no,BSU36020
ywrK,no,BSU36030
ywrJ,no,BSU36040
cotB,no,BSU36050
cotH,no,BSU36060
cotG,no,BSU36070
BSU_36079,,BSU36079
ywrF,no,BSU36080
ywrE,no,BSU36090
ywrD,no,BSU36100
chrS,no,BSU36110
ywrB,no,BSU36120
ywrA,no,BSU36130
ywqO,no,BSU36140
ywqN,no,BSU36150
ywqM,no,BSU36160
ywqL,no,BSU36170
ywqK,no,BSU36180
ywqJ,no,BSU36190
ywqI,no,BSU36200
ywqH,no,BSU36210
BSU_36215,,BSU36215
ywqG,no,BSU36220
ugd,no,BSU36230
ptpZ,no,BSU36240
ptkA,no,BSU36250
tkmA,no,BSU36260
ywzD,-,BSU36269
ywqB,no,BSU36270
ywqA,no,BSU36280
phoC,no,BSU36290
glcR,no,BSU36300
ssbB,no,BSU36310
ywpG,no,BSU36320
ywpF,no,BSU36330
ywpE,no,BSU36340
ywpD,no,BSU36350
mscL,no,BSU36360
ywpB,yes,BSU36370
rapD,no,BSU36380
flhP,no,BSU36390
flhO,no,BSU36400
mbl,yes,BSU36410
spoIIID,no,BSU36420
usd,no,BSU36430
ywoH,no,BSU36440
ywoG,no,BSU36450
ywoF,no,BSU36460
pucI,no,BSU36470
ywoD,no,BSU36480
ywoC,no,BSU36490
BSU_36499,,BSU36499
ywoB,no,BSU36500
nrgA,no,BSU36510
nrgB,no,BSU36520
bcrC,no,BSU36530
ywnJ,no,BSU36540
spoIIQ,no,BSU36550
ywnH,no,BSU36560
ywnG,no,BSU36570
BSU_36575,,BSU36575
ywnF,no,BSU36580
clsA,no,BSU36590
mta,no,BSU36600
ywnC,no,BSU36610
ywnB,no,BSU36620
ywnA,no,BSU36630
ureC,no,BSU36640
ureB,no,BSU36650
ureA,no,BSU36660
ywzE,-,BSU36668
ywzF,-,BSU36669
csbD,no,BSU36670
ywmF,no,BSU36680
rapB,no,BSU36690
moaA,no,BSU36700
fdhD,no,BSU36710
ywmE,no,BSU36720
ywmD,no,BSU36730
BSU_36739,,BSU36739
ywmC,no,BSU36740
spoIID,no,BSU36750
murAA,yes,BSU36760
spoIIT,no,BSU36770
ywzB,no,BSU36780
ywmA,no,BSU36790
atpC,no,BSU36800
atpD,no,BSU36810
atpG,no,BSU36820
atpA,no,BSU36830
atpH,no,BSU36840
atpF,no,BSU36850
atpE,no,BSU36860
atpB,no,BSU36870
atpI,no,BSU36880
upp,no,BSU36890
glyA,no,BSU36900
ywlG,no,BSU36910
ywlF,no,BSU36920
ywlE,no,BSU36930
ywlD,no,BSU36940
tsaC,no,BSU36950
ywlB,no,BSU36960
spoIIR,no,BSU36970
ywlA,no,BSU36980
ywkF,no,BSU36990
prmC,no,BSU37000
prfA,yes,BSU37010
ywkD,no,BSU37020
racA,no,BSU37030
ywkB,no,BSU37040
maeA,no,BSU37050
tdk,no,BSU37060
rpmE,no,BSU37070
rho,no,BSU37080
BSU_37089,,BSU37089
glpX,no,BSU37090
murAB,no,BSU37100
ywjH,no,BSU37110
fbaA,no,BSU37120
spo0F,no,BSU37130
ywjG,no,BSU37140
pyrG,yes,BSU37150
rpoE,no,BSU37160
acdA,no,BSU37170
fadF,no,BSU37180
ywjE,no,BSU37190
ywjD,no,BSU37200
ywjC,no,BSU37210
ywjB,no,BSU37220
ywjA,no,BSU37230
ywiE,no,BSU37240
narI,no,BSU37250
narJ,no,BSU37260
narH,no,BSU37270
narG,no,BSU37280
arfM,no,BSU37290
ywiC,no,BSU37300
fnr,no,BSU37310
narK,no,BSU37320
argS,yes,BSU37330
ywiB,no,BSU37340
sboA,no,BSU37350
sboX,no,BSU37360
albA,no,BSU37370
albB,no,BSU37380
albC,no,BSU37390
albD,no,BSU37400
albE,no,BSU37410
albF,no,BSU37420
albG,no,BSU37430
ywhL,no,BSU37440
ywhK,no,BSU37450
rapF,no,BSU37460
phrF,no,BSU37470
ywhH,no,BSU37480
speB,no,BSU37490
speE,no,BSU37500
pbpG,no,BSU37510
ywhD,no,BSU37520
ywhC,no,BSU37530
ywhB,no,BSU37540
ywhA,no,BSU37550
thrZ,no,BSU37560
BSU_37569,,BSU37569
mmr,no,BSU37570
ywgB,no,BSU37580
ywgA,no,BSU37590
ywfO,no,BSU37600
ywzC,no,BSU37610
rsfA,no,BSU37620
ywfM,no,BSU37630
lipL,no,BSU37640
cysL,no,BSU37650
pta,no,BSU37660
chdC,no,BSU37670
bacG,no,BSU37680
bacF,no,BSU37690
bacE,no,BSU37700
bacD,no,BSU37710
bacC,no,BSU37720
bacB,no,BSU37730
bacA,no,BSU37740
ywfA,no,BSU37750
rocC,no,BSU37760
rocB,no,BSU37770
rocA,no,BSU37780
rocG,no,BSU37790
sivA,no,BSU37800
spsL,no,BSU37810
spsK,no,BSU37820
spsJ,no,BSU37830
spsI,no,BSU37840
spsG,no,BSU37850
spsF,no,BSU37860
spsE,no,BSU37870
spsD,no,BSU37880
spsC,no,BSU37890
spsB,no,BSU37900
spsA,no,BSU37910
gerQ,no,BSU37920
ywdK,no,BSU37930
ywdJ,no,BSU37940
ywdI,no,BSU37950
ywdH,no,BSU37960
ung,no,BSU37970
ywdF,no,BSU37980
ywdE,no,BSU37990
ywdD,no,BSU38000
ywzG,-,BSU38018
pdxK,no,BSU38020
ywdA,no,BSU38030
sacA,no,BSU38040
sacP,no,BSU38050
ywcJ,no,BSU38060
sacT,no,BSU38070
ywcI,no,BSU38080
vpr,no,BSU38090
ywcH,no,BSU38100
nfrA,no,BSU38110
rodA,yes,BSU38120
ywcE,no,BSU38130
qoxD,no,BSU38140
qoxC,no,BSU38150
qoxB,no,BSU38160
qoxA,no,BSU38170
ywzA,no,BSU38180
galT,no,BSU38190
galK,no,BSU38200
gtcA,no,BSU38210
ywcC,no,BSU38220
slrA,no,BSU38229
ywcB,no,BSU38230
ywcA,no,BSU38240
ywbO,no,BSU38250
efeB,no,BSU38260
efeO,no,BSU38270
efeU,no,BSU38280
thiE,no,BSU38290
thiM,no,BSU38300
ywbI,no,BSU38310
ywbH,no,BSU38320
ywbG,no,BSU38330
ywbF,no,BSU38340
ywbE,no,BSU38350
rlmQ,no,BSU38360
glxA,no,BSU38370
ywbB,no,BSU38380
ywbA,no,BSU38390
epr,no,BSU38400
sacX,no,BSU38410
sacY,no,BSU38420
gspA,no,BSU38430
ywaF,no,BSU38440
dtrR,no,BSU38450
tyrZ,no,BSU38460
ywaD,no,BSU38470
sasA,no,BSU38480
menA,yes,BSU38490
BSU_38495,,BSU38495
dltX,-,BSU38499
dltA,no,BSU38500
dltB,no,BSU38510
dltC,no,BSU38520
dltD,no,BSU38530
dltE,no,BSU38540
ilvK,no,BSU38550
licH,no,BSU38560
licA,no,BSU38570
licC,no,BSU38580
licB,no,BSU38590
licR,no,BSU38600
yxzF,no,BSU38610
aag,no,BSU38620
katX,no,BSU38630
yxlH,no,BSU38640
yxlG,no,BSU38650
yxlF,no,BSU38660
yxlE,no,BSU38670
yxlD,no,BSU38680
yxlC,yes,BSU38690
sigY,no,BSU38700
yxlA,no,BSU38710
yxkO,no,BSU38720
cydD,no,BSU38730
cydC,no,BSU38740
cydB,no,BSU38750
cydA,no,BSU38760
cimH,no,BSU38770
yxkI,no,BSU38780
yxzE,no,BSU38790
yxkH,no,BSU38800
msmX,no,BSU38810
yxkF,no,BSU38820
aldY,no,BSU38830
yxkD,no,BSU38840
yxkC,no,BSU38850
galE,no,BSU38860
yxkA,no,BSU38870
yxjO,no,BSU38880
yxjN,no,BSU38890
yxjM,no,BSU38900
yxjL,no,BSU38910
pepT,no,BSU38920
yxjJ,no,BSU38930
yxjI,no,BSU38940
yxjH,no,BSU38950
yxjG,no,BSU38960
yxjF,no,BSU38970
scoB,no,BSU38980
scoA,no,BSU38990
hbuT,no,BSU39000
tlrB,no,BSU39010
nupG,no,BSU39020
yxiT/1,no,BSU39029
yxiT,no,BSU39030
yxiS,no,BSU39040
katE,no,BSU39050
citH,no,BSU39060
bglS,no,BSU39070
licT,no,BSU39080
yxiP,no,BSU39090
yxiO,no,BSU39100
deaD,no,BSU39110
yxiM,no,BSU39120
yxzI,-,BSU39129
yxzJ,-,BSU39139
yxiK,no,BSU39140
yxiJ,no,BSU39150
yxiI,no,BSU39160
yxzG,no,BSU39170
yxiH,no,BSU39180
yxiG,no,BSU39190
yxzC,no,BSU39200
yxiF,no,BSU39210
wapI,yes,BSU39220
wapA,no,BSU39230
yxxF,no,BSU39240
yxiE,no,BSU39250
bglH,no,BSU39260
bglP,no,BSU39270
yxxE,no,BSU39280
yxxD,yes,BSU39290
yxiD,no,BSU39300
yxiC,no,BSU39310
yxiB,no,BSU39320
abn2,no,BSU39330
yxzL,-,BSU39339
hutP,no,BSU39340
hutH,no,BSU39350
hutU,no,BSU39360
hutI,no,BSU39370
hutG,no,BSU39380
hutM,no,BSU39390
pdp,no,BSU39400
nupC,no,BSU39410
dra,no,BSU39420
deoR,no,BSU39430
yxxB,no,BSU39440
yxeR,no,BSU39450
yxeQ,no,BSU39460
sndB,no,BSU39470
yxeO,no,BSU39480
yxeN,no,BSU39490
yxeM,no,BSU39500
snaB,no,BSU39510
yxeK,no,BSU39520
yxeJ,no,BSU39530
yxeI,no,BSU39540
yxeH,no,BSU39550
yxeG,no,BSU39560
yxeF,no,BSU39570
yxeE,no,BSU39580
yxeD,no,BSU39590
yxeC,no,BSU39600
yxeB,no,BSU39610
yxeA,no,BSU39620
yxdM,no,BSU39630
yxdL,no,BSU39640
yxdK,no,BSU39650
yxdJ,no,BSU39660
iolJ,no,BSU39670
iolI,no,BSU39680
iolH,no,BSU39690
iolG,no,BSU39700
iolF,no,BSU39710
iolE,no,BSU39720
iolD,no,BSU39730
iolC,no,BSU39740
iolB,no,BSU39750
iolA,no,BSU39760
iolR,no,BSU39770
iolS,no,BSU39780
yxcE,no,BSU39790
yxcD,no,BSU39800
csbC,no,BSU39810
htpG,no,BSU39820
yxcA,no,BSU39830
yxbG,no,BSU39840
yxbF,no,BSU39850
aldX,no,BSU39860
yxbD,no,BSU39870
yxbC,no,BSU39880
yxbB,no,BSU39890
yxbA,no,BSU39900
yxnB,no,BSU39910
asnH,no,BSU39920
yxaM,no,BSU39930
yxaL,no,BSU39940
yxaJ,no,BSU39950
yxaI,no,BSU39960
yxaH,no,BSU39970
qdoI,no,BSU39980
qdoR,no,BSU39990
yxnA,no,BSU40000
yxaD,no,BSU40010
yxaK,-,BSU40021
yxaC,no,BSU40022
yxaB,no,BSU40030
yxaA,no,BSU40040
gntR,no,BSU40050
gntK,no,BSU40060
gntP,no,BSU40070
gntZ,no,BSU40080
ahpC,no,BSU40090
ahpF,no,BSU40100
bglA,no,BSU40110
yyzE,no,BSU40120
yydK,no,BSU40130
yyzN,-,BSU40139
epeB,no,BSU40140
epeA,no,BSU40150
epeP,no,BSU40160
epeE,no,BSU40170
epeX,no,BSU40180
fbp,no,BSU40190
yydD,no,BSU40200
yydC,no,BSU40210
yydB,no,BSU40220
rlmH,no,BSU40230
yyzF,-,BSU40239
yycS,no,BSU40240
yycR,no,BSU40250
yyzG,-,BSU40259
yycQ,no,BSU40260
yycP,no,BSU40270
yycO,no,BSU40280
yycN,no,BSU40290
rapG,no,BSU40300
phrG,no,BSU40310
rocF,no,BSU40320
rocE,no,BSU40330
rocD,no,BSU40340
rocR,no,BSU40350
BSU_40358,,BSU40358
yyzO,-,BSU40359
htrC,no,BSU40360
walJ,no,BSU40370
walI,no,BSU40380
walH,no,BSU40390
walK,yes,BSU40400
walR,yes,BSU40410
purA,no,BSU40420
yycE,no,BSU40430
dnaC,yes,BSU40440
yycD,no,BSU40450
yyzB,no,BSU40460
yycC,no,BSU40470
yycB,no,BSU40480
yycA,no,BSU40490
rplI,no,BSU40500
gdpP,no,BSU40510
yybS,no,BSU40520
yyzH,-,BSU40529
cotF,no,BSU40530
hypR,no,BSU40540
ppaC,yes,BSU40550
yybP,no,BSU40560
yybO,no,BSU40570
yyzI,-,BSU40573
yyzJ,-,BSU40574
BSU_40576,,BSU40576
yyzK,-,BSU40578
yyzL,-,BSU40579
yybN,no,BSU40580
yybM,no,BSU40590
yybL,no,BSU40600
yybK,no,BSU40610
yybJ,no,BSU40620
yybI,no,BSU40630
yybH,no,BSU40640
yybG,no,BSU40650
yybF,no,BSU40660
yybE,no,BSU40670
yybD,no,BSU40680
yybC,no,BSU40690
yybB,no,BSU40700
yybA,no,BSU40710
yyaT,no,BSU40720
yyaS,no,BSU40730
satA,no,BSU40740
yyaQ,no,BSU40750
yyaP,no,BSU40760
tetB,no,BSU40770
tetL,no,BSU40780
yyaO,no,BSU40790
yyaN,no,BSU40800
yyaM,no,BSU40810
yyaL,no,BSU40820
yyaK,no,BSU40830
yyaJ,no,BSU40840
maa,no,BSU40850
yyaH,no,BSU40860
ccpB,no,BSU40870
exoA,no,BSU40880
rpsR,yes,BSU40890
ssbA,yes,BSU40900
rpsF,no,BSU40910
yyaF,no,BSU40920
yyaE,no,BSU40930
yyzM,-,BSU40939
yyaD,no,BSU40940
yyaC,no,BSU40950
parB,no,BSU40960
parA,no,BSU40970
yyaB,no,BSU40980
noc,no,BSU40990
gidB,no,BSU41000
gidA,no,BSU41010
thdF,no,BSU41020
jag,no,BSU41030
yidC1,no,BSU41040
rnpA,yes,BSU41050
rpmH,no,BSU41060
